Ruta EFE;Fuente;Marcas y productos con 3 fotos;Marcas faltantes para 5;Productos faltantes para 50;Estado;Páginas revisadas;Motivos de omisión;Descripciones sin texto;Garantías sin información;Fichas sin especificaciones
Audífonos > Over ear;https://www.efe.com.pe/audifonos/over-ear.html;;5;50;source_exhausted;1;{};0;0;0
Audífonos > True Wireless;https://www.efe.com.pe/audifonos/true-wireless.html;;5;50;source_exhausted;1;{};0;0;0
Bebé y Juguetes > Bebés > Accesorios de bebés;https://www.efe.com.pe/infantil/bebes/accesorios-de-bebes.html;Baby CAM: 10/10 | Carestino: 10/10 | Ebaby: 10/10 | Genérico: 10/10 | Kiseki Studio: 10/10;0;0;complete;7;"{""Brand not published"": 2, ""Fewer than 3 source photographs"": 39, ""No published price in PEN"": 14, ""Fewer than 3 distinct downloadable photographs"": 9}";0;41;0
Bebé y Juguetes > Bebés > Coches;https://www.efe.com.pe/infantil/bebes/coches.html;Baby CAM: 10/10 | Ebaby: 10/10 | Carestino: 8/10 | Genérico: 6/10 | Infanti: 6/10;0;10;source_exhausted;8;"{""Fewer than 3 source photographs"": 21, ""No published price in PEN"": 1, ""Fewer than 3 distinct downloadable photographs"": 3}";0;35;0
Bebé y Juguetes > Bebés > Cunas y corrales;https://www.efe.com.pe/infantil/bebes/cunas-y-corrales.html;Ebaby: 10/10 | Babykiss: 5/10 | Genérico: 4/10 | Baby CAM: 3/10 | Carestino: 2/10;0;26;source_exhausted;5;"{""Fewer than 3 source photographs"": 31, ""No published price in PEN"": 1, ""Fewer than 3 distinct downloadable photographs"": 1}";0;16;0
Bebé y Juguetes > Bebés > Gimnasios y centro de actividades;https://www.efe.com.pe/infantil/bebes/gimnasios-y-centro-de-actividades.html;Genérico: 7/10 | Carestino: 5/10 | Gethex: 4/10 | Bright Starts: 3/10 | Ideal: 2/10;0;29;source_exhausted;4;"{""Fewer than 3 source photographs"": 22, ""Fewer than 3 distinct downloadable photographs"": 3, ""No published price in PEN"": 2}";0;17;0
Bebé y Juguetes > Bebés > Lactancia;https://www.efe.com.pe/infantil/bebes/lactancia.html;Baby Froggie: 10/10 | Genérico: 10/10 | Carestino: 3/10 | Pigeon: 3/10 | Vlass Tech: 3/10;0;21;source_exhausted;4;"{""No published price in PEN"": 7, ""Fewer than 3 source photographs"": 8, ""Fewer than 3 distinct downloadable photographs"": 3}";0;29;0
Bebé y Juguetes > Bebés > Sillas de auto;https://www.efe.com.pe/infantil/bebes/sillas-de-auto.html;Ebaby: 10/10 | Baby CAM: 6/10 | Babykiss: 2/10 | Carestino: 2/10 | Ideal: 2/10;0;28;source_exhausted;3;"{""Fewer than 3 source photographs"": 8}";0;22;0
Bebé y Juguetes > Bebés > Sillas de comer;https://www.efe.com.pe/infantil/bebes/sillas-de-comer.html;Ebaby: 8/10 | Carestino: 1/10 | Infanti: 1/10 | Piu Bello: 1/10 | Safety 1St: 1/10;0;38;source_exhausted;3;"{""Fewer than 3 source photographs"": 9, ""Fewer than 3 distinct downloadable photographs"": 4}";0;5;0
Bebé y Juguetes > Bebés > Triciclos andadores y correpasillos;https://www.efe.com.pe/infantil/bebes/andadores-y-correpasillos.html;Baby CAM: 10/10 | Baby Froggie: 10/10 | Ebaby: 10/10 | Genérico: 10/10 | Oxie Pro: 10/10;0;0;complete;9;"{""Fewer than 3 source photographs"": 12, ""Fewer than 3 distinct downloadable photographs"": 2, ""No published price in PEN"": 3}";0;50;0
Bebé y Juguetes > Escolar > Loncheras y tapers;https://www.efe.com.pe/infantil/escolar/loncheras-y-tapers.html;KIDDO: 10/10 | Scool: 10/10 | Genérico: 5/10 | Belessi: 2/10 | Bord: 1/10;0;22;source_exhausted;5;"{""Fewer than 3 source photographs"": 7, ""No published price in PEN"": 1}";0;26;0
Bebé y Juguetes > Escolar > Mochilas;https://www.efe.com.pe/infantil/escolar/mochilas.html;Genérico: 10/10 | Himawari: 10/10 | KIDDO: 10/10 | Missi: 10/10 | Scool: 10/10;0;0;complete;7;"{""Fewer than 3 source photographs"": 5, ""Fewer than 3 distinct downloadable photographs"": 3}";4;20;0
Bebé y Juguetes > Escolar > Tomatodos;https://www.efe.com.pe/infantil/escolar/tomatodos.html;National Geographic: 5/10;4;45;source_exhausted;1;"{""Fewer than 3 source photographs"": 1}";0;0;0
Bebé y Juguetes > Escolar > Útiles escolares y de oficina;https://www.efe.com.pe/infantil/escolar/utiles-escolares-y-de-oficina.html;Genérico: 10/10 | KIDDO: 10/10 | Scool: 10/10 | Kaka: 6/10 | Xiaomi: 6/10;0;8;source_exhausted;10;"{""Fewer than 3 source photographs"": 22, ""Fewer than 3 distinct downloadable photographs"": 1}";0;41;0
Bebé y Juguetes > Juegos Didácticos > Arte y Manualidades ;https://www.efe.com.pe/infantil/juegos-didacticos/arte-y-manualidades.html;Genérico: 10/10 | Ingenial: 7/10;3;33;source_exhausted;3;"{""Fewer than 3 source photographs"": 4}";0;17;0
Bebé y Juguetes > Juegos de exterior > Bicicletas infantiles;https://www.efe.com.pe/infantil/juegos-de-exterior/bicicletas-infantiles.html;BKS: 1/10 | Monark: 1/10;3;48;source_exhausted;1;{};0;1;0
Bebé y Juguetes > Juegos de exterior > Flotadores y Piscinas;https://www.efe.com.pe/infantil/juegos-de-exterior/piscinas-y-juegos-de-agua.html;Bestway: 10/10 | Genérico: 5/10 | Intex: 2/10 | Aqua Force: 1/10 | Importado: 1/10;0;31;source_exhausted;3;"{""No published price in PEN"": 3}";0;9;0
Bebé y Juguetes > Juegos de exterior > Inflables y Camas Elásticas;https://www.efe.com.pe/infantil/juegos-de-exterior/inflables.html;Bestway: 10/10 | Genérico: 6/10 | Importado: 1/10;2;33;source_exhausted;3;"{""Fewer than 3 source photographs"": 3}";0;2;0
Bebé y Juguetes > Juegos de exterior > Juegos Deportivos;https://www.efe.com.pe/bebe-y-juguetes/juegos-de-exterior/juegos-deportivos.html;;5;50;source_exhausted;1;{};0;0;0
Bebé y Juguetes > Juegos de exterior > Scooter;https://www.efe.com.pe/bebe-y-juguetes/juegos-de-exterior/scooter.html;;5;50;source_exhausted;1;{};0;0;0
Bebé y Juguetes > Juegos de exterior > Scooter, Skate y Patines;https://www.efe.com.pe/infantil/juegos-de-exterior/scooters-y-patines.html;;5;50;source_exhausted;1;{};0;0;0
Bebé y Juguetes > Juguetería > Autos y Vehículos a Control;https://www.efe.com.pe/infantil/jugueteria/autos-y-pistas.html;Genérico: 10/10 | Mercedes Benz: 4/10 | Tashine: 4/10 | Marvel: 3/10 | Pic Cargo: 3/10;0;26;source_exhausted;3;"{""Fewer than 3 source photographs"": 7}";0;16;0
Bebé y Juguetes > Juguetería > Cocinitas y Juegos de Roles;https://www.efe.com.pe/infantil/jugueteria/organizacion-y-didacticos.html;Genérico: 10/10 | Kiseki Studio: 10/10 | Step2: 8/10 | HUANGER: 5/10 | Ingenial: 3/10;0;14;source_exhausted;46;"{""Fewer than 3 source photographs"": 27, ""Fewer than 3 distinct downloadable photographs"": 6, ""No published price in PEN"": 1}";0;34;0
Bebé y Juguetes > Juguetería > Coleccionables y funkos;https://www.efe.com.pe/infantil/jugueteria/coleccionables-y-funkos.html;;5;50;source_exhausted;1;"{""Fewer than 3 source photographs"": 1}";0;0;0
Bebé y Juguetes > Juguetería > Figuras de acción;https://www.efe.com.pe/infantil/jugueteria/figuras-de-accion.html;Genérico: 10/10 | Editorial Berlin: 3/10 | 5932: 2/10 | Disney: 2/10 | La Granja de Zenón: 2/10;0;31;source_exhausted;4;"{""Fewer than 3 source photographs"": 16, ""Brand not published"": 1}";2;15;0
Bebé y Juguetes > Juguetería > Juegos de mesa;https://www.efe.com.pe/infantil/jugueteria/juegos-de-mesa.html;;5;50;source_exhausted;1;"{""Fewer than 3 source photographs"": 6, ""Brand not published"": 1}";0;0;0
Bebé y Juguetes > Juguetería > Juguetes de Bebé;https://www.efe.com.pe/infantil/jugueteria/pre-escolar.html;Genérico: 6/10 | Kiseki Studio: 3/10 | Marvel: 1/10;2;40;source_exhausted;1;"{""Fewer than 3 distinct downloadable photographs"": 4, ""Fewer than 3 source photographs"": 6}";0;10;0
Bebé y Juguetes > Juguetería > Legos y armables;https://www.efe.com.pe/infantil/jugueteria/legos-y-armables.html;Picassotiles: 10/10 | Lego: 2/10 | Alianza Lima: 1/10 | Genérico: 1/10 | Universitario: 1/10;0;35;source_exhausted;3;"{""Fewer than 3 source photographs"": 13, ""Fewer than 3 distinct downloadable photographs"": 1}";0;13;0
Bebé y Juguetes > Juguetería > Muñecas y accesorios;https://www.efe.com.pe/infantil/jugueteria/mu-ecas-y-accesorios.html;Genérico: 5/10 | Disney: 3/10 | Editorial Berlin: 2/10 | Alianza Lima: 1/10 | Kiseki Studio: 1/10;0;38;source_exhausted;1;"{""Fewer than 3 source photographs"": 7}";0;8;0
Bebé y Juguetes > Seguridad y Paseo > Mochilas Pañaleras;https://www.efe.com.pe/infantil/seguridad-y-paseo/mochilas-panaleras.html;Genérico: 6/10 | Importado: 1/10 | Kiseki Studio: 1/10;2;42;source_exhausted;1;"{""Fewer than 3 source photographs"": 4, ""Fewer than 3 distinct downloadable photographs"": 1}";0;8;0
Bebé y Juguetes > Seguridad y Paseo > Monitores y Cámaras;https://www.efe.com.pe/infantil/seguridad-y-paseo/monitores-y-camaras.html;;5;50;source_exhausted;1;"{""Fewer than 3 source photographs"": 1}";0;0;0
Belleza y Salud > Belleza coreana > Cuidado corporal coreano;https://www.efe.com.pe/salud/belleza-coreana/cuidado-corporal-coreano.html;;5;50;source_exhausted;1;{};0;0;0
Belleza y Salud > Belleza coreana > Fotoprotectores coreanos;https://www.efe.com.pe/salud/belleza-coreana/fotoprotectores-coreanos.html;Tocobo: 4/10 | Genérico: 1/10 | Numbuzin: 1/10 | ROUND LAB: 1/10 | SKIN1004: 1/10;0;42;source_exhausted;1;{};0;8;0
Belleza y Salud > Belleza coreana > Hidratación coreana;https://www.efe.com.pe/salud/belleza-coreana/hidratacion-coreana.html;CELIMAX: 6/10 | Medicube: 6/10 | ARENCIA: 5/10 | Elizavecca: 5/10 | Dr Althea: 4/10;0;24;source_exhausted;3;"{""Fewer than 3 distinct downloadable photographs"": 1, ""Fewer than 3 source photographs"": 2}";0;26;0
Belleza y Salud > Belleza coreana > Limpieza coreana;https://www.efe.com.pe/salud/belleza-coreana/limpieza-coreana.html;Tocobo: 10/10 | CELIMAX: 8/10 | Elizavecca: 8/10 | ARENCIA: 6/10 | Medicube: 6/10;0;12;source_exhausted;6;"{""Fewer than 3 source photographs"": 19, ""Fewer than 3 distinct downloadable photographs"": 8}";0;38;0
Belleza y Salud > Belleza coreana > Serums coreanos;https://www.efe.com.pe/salud/belleza-coreana/serums-coreanos.html;CELIMAX: 4/10 | ARENCIA: 3/10 | Dr Althea: 3/10 | Genérico: 3/10 | EQQUALBERRY: 2/10;0;35;source_exhausted;3;"{""Fewer than 3 source photographs"": 10, ""Fewer than 3 distinct downloadable photographs"": 6}";0;15;0
Belleza y Salud > Belleza coreana > Sets y packs coreanos;https://www.efe.com.pe/salud/belleza-coreana/sets-y-packs-coreanos.html;;5;50;source_exhausted;1;{};0;0;0
Belleza y Salud > Belleza coreana > Tratamientos coreanos;https://www.efe.com.pe/salud/belleza-coreana/tratamientos-coreanos.html;Elizavecca: 2/10;4;48;source_exhausted;1;"{""Fewer than 3 source photographs"": 1, ""Fewer than 3 distinct downloadable photographs"": 1}";0;2;0
Belleza y Salud > Cuidado capilar > Accesorios;https://www.efe.com.pe/salud/cuidado-capilar/accesorios.html;Nelly: 10/10 | Genérico: 8/10 | HARUEN MINI: 7/10 | Anian: 5/10 | Kemei: 5/10;0;15;source_exhausted;10;"{""Fewer than 3 source photographs"": 68, ""Fewer than 3 distinct downloadable photographs"": 53, ""No published price in PEN"": 1}";0;35;0
Belleza y Salud > Cuidado capilar > Acondicionador;https://www.efe.com.pe/salud/cuidado-capilar/acondicionador.html;Anian: 10/10 | Genérico: 10/10 | Nelly: 10/10 | WOKALI: 10/10 | Kareol: 9/10;0;1;source_exhausted;9;"{""Fewer than 3 source photographs"": 40}";0;49;0
Belleza y Salud > Cuidado capilar > Otros;https://www.efe.com.pe/salud/cuidado-capilar/otros.html;BIOAQUA: 10/10 | DERMO SUMAK: 10/10 | Nelly: 10/10 | Tashine: 10/10 | La Brasiliana: 8/10;0;2;source_exhausted;14;"{""Fewer than 3 source photographs"": 69, ""No published price in PEN"": 7}";0;48;0
Belleza y Salud > Cuidado capilar > Shampoo;https://www.efe.com.pe/salud/cuidado-capilar/shampoo.html;American Crew: 10/10 | Genérico: 10/10 | Nioxin: 10/10 | Redken: 10/10 | Sebastian Professional: 10/10;0;0;complete;16;"{""Fewer than 3 source photographs"": 134, ""Fewer than 3 distinct downloadable photographs"": 11}";0;50;0
Belleza y Salud > Cuidado capilar > Tinte y coloración;https://www.efe.com.pe/salud/cuidado-capilar/tinte-y-coloracion.html;Nelly: 10/10 | Redken: 1/10;3;39;source_exhausted;1;"{""Fewer than 3 source photographs"": 7}";0;11;0
Belleza y Salud > Cuidado capilar > Tratamiento capilar;https://www.efe.com.pe/salud/cuidado-capilar/tratamiento-capilar.html;BIOAQUA: 10/10 | FLOWER SECRET: 10/10 | Genérico: 10/10 | Kareol: 10/10 | Nevada Natural Products: 10/10;0;0;complete;5;"{""Fewer than 3 source photographs"": 15}";0;50;0
Belleza y Salud > Cuidado de piel > Barba;https://www.efe.com.pe/salud/cuidado-de-piel/barba.html;Tashine: 8/10 | OEM: 6/10 | American Crew: 3/10 | Kemei: 2/10 | Nevada Natural Products: 2/10;0;29;source_exhausted;3;"{""Fewer than 3 source photographs"": 1, ""No published price in PEN"": 4}";0;21;0
Belleza y Salud > Cuidado de piel > Bloqueadores;https://www.efe.com.pe/salud/cuidado-de-piel/bloqueadores.html;Tocobo: 9/10 | Genérico: 6/10 | Dr. Rashel: 3/10 | Frezyderm: 3/10 | Australian Gold: 1/10;0;28;source_exhausted;4;"{""Fewer than 3 source photographs"": 38}";0;22;0
Belleza y Salud > Cuidado de piel > Bronceadores;https://www.efe.com.pe/salud/cuidado-de-piel/bronceadores.html;Australian Gold: 3/10 | Fruit of the Wokali: 1/10;3;46;source_exhausted;1;"{""Fewer than 3 source photographs"": 1}";0;4;0
Belleza y Salud > Cuidado de piel > Cuerpo;https://www.efe.com.pe/salud/cuidado-de-piel/cuerpo.html;BIOAQUA: 10/10 | FLOWER SECRET: 10/10 | Genérico: 10/10 | Nevada Natural Products: 10/10 | PORTUGAL: 10/10;0;0;complete;12;"{""Fewer than 3 source photographs"": 114, ""No published price in PEN"": 4, ""Fewer than 3 distinct downloadable photographs"": 4}";0;50;0
Belleza y Salud > Cuidado de piel > Hidratación;https://www.efe.com.pe/salud/cuidado-de-piel/hidratacion.html;BIOAQUA: 10/10 | Dr. Rashel: 10/10 | Fruit of the Wokali: 10/10 | Genérico: 10/10 | WOKALI: 10/10;0;0;complete;19;"{""Fewer than 3 source photographs"": 114, ""Fewer than 3 distinct downloadable photographs"": 10}";0;50;0
Belleza y Salud > Cuidado de piel > Manos;https://www.efe.com.pe/salud/cuidado-de-piel/manos.html;Genérico: 7/10 | Tashine: 7/10 | Importado: 2/10 | ERABAMBU: 1/10 | Estelin: 1/10;0;32;source_exhausted;4;"{""Fewer than 3 source photographs"": 28, ""Fewer than 3 distinct downloadable photographs"": 7, ""No published price in PEN"": 2}";0;18;0
Belleza y Salud > Cuidado de piel > Otros;https://www.efe.com.pe/salud/cuidado-de-piel/otros.html;BIOAQUA: 10/10 | DERMO SUMAK: 10/10 | Genérico: 10/10 | WOKALI: 10/10 | Yelave: 10/10;0;0;complete;53;"{""Fewer than 3 source photographs"": 89, ""Fewer than 3 distinct downloadable photographs"": 1}";0;50;0
Belleza y Salud > Cuidado de piel > Repelentes;https://www.efe.com.pe/salud/cuidado-de-piel/repelentes.html;Suavinex: 1/10;4;49;source_exhausted;1;{};0;1;0
Belleza y Salud > Cuidado de salud > Mascarillas;https://www.efe.com.pe/salud/cuidado-de-salud/mascarillas.html;Usams: 2/10 | Genérico: 1/10;3;47;source_exhausted;1;"{""Fewer than 3 distinct downloadable photographs"": 1}";0;3;0
Belleza y Salud > Cuidado de salud > Termómetros;https://www.efe.com.pe/salud/cuidado-de-salud/termometros.html;Kamed: 10/10 | Littmann: 8/10 | Genérico: 3/10 | ZR Medic: 3/10 | Cuenta Ovejas: 1/10;0;25;source_exhausted;3;"{""Fewer than 3 source photographs"": 2}";0;25;0
Belleza y Salud > Dermocosmética  > Antiedad;https://www.efe.com.pe/salud/dermocosmetica/antiedad.html;Geske: 10/10 | COOPER: 6/10 | Genérico: 4/10 | EQQUALBERRY: 2/10 | Medicube: 2/10;0;26;source_exhausted;8;"{""Fewer than 3 source photographs"": 104, ""Fewer than 3 distinct downloadable photographs"": 1}";0;24;0
Belleza y Salud > Dermocosmética  > Bebés y niños;https://www.efe.com.pe/salud/dermocosmetica/bebes-y-ninos.html;La Cooper: 8/10 | Dinoa: 1/10 | Genérico: 1/10 | Suavinex: 1/10;1;39;source_exhausted;4;"{""Fewer than 3 source photographs"": 47, ""Fewer than 3 distinct downloadable photographs"": 1}";0;11;0
Belleza y Salud > Dermocosmética  > Hidratación;https://www.efe.com.pe/salud/dermocosmetica/hidratacion.html;Neutrogena: 10/10 | Nevada Natural Products: 10/10 | Yelave: 10/10 | La Cooper: 9/10 | Genérico: 8/10;0;3;source_exhausted;17;"{""Fewer than 3 source photographs"": 165, ""Fewer than 3 distinct downloadable photographs"": 19}";0;47;0
Belleza y Salud > Dermocosmética  > Limpieza;https://www.efe.com.pe/salud/dermocosmetica/limpieza.html;BIOAQUA: 10/10 | Genérico: 10/10 | WOKALI: 10/10 | La Cooper: 6/10 | Frezyderm: 3/10;0;11;source_exhausted;30;"{""Fewer than 3 source photographs"": 79, ""Fewer than 3 distinct downloadable photographs"": 8}";0;39;0
Belleza y Salud > Dermocosmética  > Protección solar;https://www.efe.com.pe/salud/dermocosmetica/proteccion-solar.html;Frezyderm: 8/10 | Tocobo: 6/10 | Dermosol: 5/10 | Eucerin: 4/10 | BIOAQUA: 2/10;0;25;source_exhausted;9;"{""Fewer than 3 source photographs"": 137, ""Fewer than 3 distinct downloadable photographs"": 16}";0;25;0
Belleza y Salud > Dermocosmética  > Rutinas y packs;https://www.efe.com.pe/salud/dermocosmetica/rutinas-y-packs.html;Natura: 1/10;4;49;source_exhausted;3;"{""Fewer than 3 source photographs"": 40, ""Fewer than 3 distinct downloadable photographs"": 1}";0;1;0
Belleza y Salud > Dermocosmética  > Serums;https://www.efe.com.pe/salud/dermocosmetica/serums.html;Dr. Rashel: 3/10 | ARENCIA: 2/10 | Dr Althea: 1/10 | EQQUALBERRY: 1/10 | Genérico: 1/10;0;42;source_exhausted;6;"{""Fewer than 3 source photographs"": 68, ""Fewer than 3 distinct downloadable photographs"": 20}";0;8;0
Belleza y Salud > Dermocosmética  > Tratamientos;https://www.efe.com.pe/salud/dermocosmetica/tratamientos.html;Genérico: 10/10 | SKIN1004: 5/10 | The Ordinary: 5/10 | Kiseki Studio: 3/10 | La Brasiliana: 3/10;0;24;source_exhausted;12;"{""Fewer than 3 source photographs"": 178, ""Fewer than 3 distinct downloadable photographs"": 29}";0;26;0
Belleza y Salud > Maquillaje > Brochas y accesorios;https://www.efe.com.pe/salud/maquillaje/brochas-y-accesorios.html;Genérico: 10/10 | Godox: 10/10 | PORTUGAL: 9/10 | La Brasiliana: 6/10 | BIOAQUA: 2/10;0;13;source_exhausted;8;"{""Fewer than 3 source photographs"": 74}";0;37;0
Belleza y Salud > Maquillaje > Labios;https://www.efe.com.pe/salud/maquillaje/labios.html;BIOAQUA: 10/10 | Tocobo: 10/10 | Genérico: 2/10 | Nivea: 1/10;1;27;source_exhausted;4;"{""Fewer than 3 source photographs"": 24, ""Fewer than 3 distinct downloadable photographs"": 2}";0;23;0
Belleza y Salud > Maquillaje > Ojos;https://www.efe.com.pe/salud/maquillaje/ojos.html;Unleashia: 5/10 | Genérico: 3/10 | Eucerin: 1/10;2;41;source_exhausted;1;"{""Fewer than 3 source photographs"": 4, ""Fewer than 3 distinct downloadable photographs"": 2, ""No published price in PEN"": 1}";0;9;0
Belleza y Salud > Maquillaje > Rostro;https://www.efe.com.pe/salud/maquillaje/rostro.html;BIOAQUA: 5/10 | Genérico: 5/10 | Natura: 1/10;2;39;source_exhausted;3;"{""Fewer than 3 source photographs"": 12, ""Fewer than 3 distinct downloadable photographs"": 2}";0;11;0
Belleza y Salud > Maquillaje > Uñas;https://www.efe.com.pe/salud/maquillaje/unas.html;Genérico: 10/10 | La Cooper: 10/10 | PORTUGAL: 10/10;2;20;source_exhausted;15;"{""Fewer than 3 source photographs"": 141}";0;30;0
Belleza y Salud > Masajes y spa > Artículos de Relajación;https://www.efe.com.pe/salud/masajes-y-spa/articulos-de-relajacion.html;Victoria Han: 6/10 | Tashine: 2/10 | Genérico: 1/10;2;41;source_exhausted;1;"{""Fewer than 3 source photographs"": 1, ""No published price in PEN"": 2, ""Fewer than 3 distinct downloadable photographs"": 2}";0;9;0
Belleza y Salud > Masajes y spa > Masajeadores;https://www.efe.com.pe/salud/masajes-y-spa/masajeadores.html;Geske: 10/10 | Genérico: 4/10 | Z'oreya: 3/10 | Tashine: 2/10 | Victoria Han: 2/10;0;29;source_exhausted;3;"{""Fewer than 3 source photographs"": 6}";0;21;0
Belleza y Salud > Masajes y spa > Otros;https://www.efe.com.pe/salud/masajes-y-spa/otros.html;Geske: 10/10 | Tashine: 4/10 | Z’OREYA: 3/10 | Victoria Han: 2/10 | Genérico: 1/10;0;30;source_exhausted;4;"{""No published price in PEN"": 2, ""Fewer than 3 source photographs"": 16}";0;20;0
Belleza y Salud > Masajes y spa > Tonificadores;https://www.efe.com.pe/salud/masajes-y-spa/tonificadores.html;Geske: 10/10 | Tashine: 2/10 | Victoria Han: 2/10 | Genérico: 1/10;1;35;source_exhausted;3;"{""Fewer than 3 distinct downloadable photographs"": 1, ""Fewer than 3 source photographs"": 3}";0;15;0
Belleza y Salud > Perfumes > Hombre;https://www.efe.com.pe/salud/perfumes/hombre.html;Armaf: 10/10 | TOM FORD: 8/10 | Rasasi: 7/10 | GIORGIO ARMANI: 6/10 | Lalitas Shopping: 5/10;0;14;source_exhausted;8;"{""Fewer than 3 source photographs"": 26}";0;36;0
Belleza y Salud > Perfumes > Mujer;https://www.efe.com.pe/salud/perfumes/mujer.html;Armaf: 10/10 | La Cooper: 10/10 | Dior: 6/10 | Lalitas Shopping: 6/10 | El Ganso: 5/10;0;13;source_exhausted;12;"{""Fewer than 3 source photographs"": 96, ""Fewer than 3 distinct downloadable photographs"": 4}";0;37;0
Belleza y Salud > Salud > Balanzas;https://www.efe.com.pe/salud/salud/balanzas.html;Genérico: 10/10 | Opalux: 2/10 | Taurus: 2/10 | Xiaomi: 2/10 | Adriano: 1/10;0;33;source_exhausted;3;"{""Fewer than 3 source photographs"": 15}";0;10;0
Belleza y Salud > Salud > Bienestar Sexual;https://www.efe.com.pe/salud/salud/bienestar-sexual.html;;5;50;source_exhausted;6;"{""Fewer than 3 source photographs"": 93, ""Fewer than 3 distinct downloadable photographs"": 5}";0;0;0
Belleza y Salud > Salud > Concentradores de oxígeno;https://www.efe.com.pe/salud/salud/concentradores-de-oxigeno.html;;5;50;source_exhausted;1;{};0;0;0
Belleza y Salud > Salud > Equipos médicos;https://www.efe.com.pe/salud/salud/equipos-medicos.html;Elite Bags: 10/10 | Genérico: 10/10 | Littmann: 10/10 | ZR Medic: 10/10 | Accu-Chek: 6/10;0;4;source_exhausted;8;"{""Fewer than 3 source photographs"": 32, ""No published price in PEN"": 1}";0;44;0
Belleza y Salud > Salud y bienestar > Colágeno y belleza;https://www.efe.com.pe/salud/vitaminas-y-suplementos/colageno-y-belleza.html;Dinoa: 10/10 | Natures Truth: 3/10;3;37;source_exhausted;3;"{""Fewer than 3 source photographs"": 6}";0;13;0
Belleza y Salud > Salud y bienestar > Multivitamínicos;https://www.efe.com.pe/salud/vitaminas-y-suplementos/alimentacion-deportiva.html;Genérico: 1/10;4;49;source_exhausted;1;"{""Fewer than 3 source photographs"": 12}";0;1;0
Belleza y Salud > Salud y bienestar > Suplementos naturales;https://www.efe.com.pe/salud/vitaminas-y-suplementos/suplementos-naturales.html;Dinoa: 10/10 | Edenis health: 10/10 | Natures Truth: 10/10 | DERMO SUMAK: 4/10 | Mason Natural: 4/10;0;12;source_exhausted;22;"{""Fewer than 3 source photographs"": 95}";0;38;0
Belleza y Salud > Salud y bienestar > Vitaminas;https://www.efe.com.pe/salud/vitaminas-y-suplementos/vitaminas.html;DERMO SUMAK: 10/10 | SOTTCOR LABS: 10/10 | Sottcor: 10/10 | Dinoa: 7/10 | Genérico: 6/10;0;7;source_exhausted;53;"{""Fewer than 3 source photographs"": 46, ""Fewer than 3 distinct downloadable photographs"": 2}";0;43;0
Belleza y Salud > Salud y bienestar > Vitaminas para niños;https://www.efe.com.pe/salud/vitaminas-y-suplementos/vitaminas-para-ninos.html;Genérico: 7/10 | Dinoa: 1/10 | Natures Truth: 1/10;2;41;source_exhausted;3;"{""Fewer than 3 source photographs"": 33}";0;9;0
Belleza y Salud > Salud y bienestar > Vitaminas y suplementos;https://www.efe.com.pe/salud/vitaminas-y-suplementos/suplementos-alimenticios.html;Dinoa: 10/10 | Genérico: 1/10;3;39;source_exhausted;3;"{""Fewer than 3 source photographs"": 8}";0;11;0
Computación > Accesorios de computación;https://www.efe.com.pe/computacion/accesorios-de-computacion.html;;5;50;source_exhausted;1;{};0;0;0
Deporte > Accesorios de deporte > Accesorios de protección;https://www.efe.com.pe/deporte/accesorios-de-deporte/accesorios-de-proteccion.html;Genérico: 10/10 | K6: 10/10 | Tashine: 10/10 | Ultimate Fitness: 5/10 | Atletis: 4/10;0;11;source_exhausted;21;"{""Fewer than 3 source photographs"": 59, ""No published price in PEN"": 8}";0;26;0
Deporte > Accesorios de deporte > Aeróbicos;https://www.efe.com.pe/deporte/accesorios-de-deporte/aerobicos.html;Genérico: 10/10 | Sport Fitness: 8/10 | K6: 5/10 | Ultimate Fitness: 4/10 | AlphaGym: 2/10;0;21;source_exhausted;7;"{""Fewer than 3 source photographs"": 42}";0;15;0
Deporte > Accesorios de deporte > Boxeo;https://www.efe.com.pe/deporte/accesorios-de-deporte/boxeo.html;Sport Fitness: 8/10 | Genérico: 6/10 | Bad Boy: 1/10 | Ultimate Fitness: 1/10;1;34;source_exhausted;1;"{""Fewer than 3 source photographs"": 5}";0;8;0
Deporte > Accesorios de deporte > Gimnasia;https://www.efe.com.pe/deporte/accesorios-de-deporte/gimnasia.html;Sport Fitness: 10/10 | K6: 5/10 | Fit Plus: 1/10;2;34;source_exhausted;4;"{""Fewer than 3 source photographs"": 34}";0;0;0
Deporte > Accesorios de deporte > Pesas y mancuernas;https://www.efe.com.pe/deporte/accesorios-de-deporte/pesas-y-mancuernas.html;Genérico: 10/10 | K6: 10/10 | Atletis: 7/10 | Sport Fitness: 7/10 | Kiseki Studio: 2/10;0;14;source_exhausted;14;"{""Fewer than 3 source photographs"": 46}";0;18;0
Deporte > Accesorios de deporte > Yoga;https://www.efe.com.pe/deporte/accesorios-de-deporte/yoga.html;Maillon: 4/10 | Sport Fitness: 4/10 | K6: 3/10;2;39;source_exhausted;1;"{""Fewer than 3 source photographs"": 9}";0;0;0
Deporte > Bicicletas > Accesorios de bicicletas;https://www.efe.com.pe/deporte/bicicletas/accesorios-de-bicicletas.html;Tashine: 8/10 | BKS: 7/10 | Genérico: 4/10 | Momo Design: 3/10 | Truper: 3/10;0;25;source_exhausted;5;"{""Fewer than 3 source photographs"": 39, ""Fewer than 3 distinct downloadable photographs"": 2}";0;10;0
Deporte > Bicicletas > Bicicletas de niños;https://www.efe.com.pe/deporte/bicicletas/bicicletas-de-ni-os.html;VALIANT BIKES: 10/10 | Box Bike: 6/10 | Monark: 6/10 | Baby: 1/10 | Baby Happy: 1/10;0;26;source_exhausted;3;"{""Fewer than 3 distinct downloadable photographs"": 4}";0;24;0
Deporte > Bicicletas > Bicicletas de paseo;https://www.efe.com.pe/deporte/bicicletas/bicicletas-de-paseo.html;Box Bike: 10/10 | Monark: 10/10 | Monarette: 7/10 | Tashine: 6/10 | Genérico: 3/10;0;14;source_exhausted;4;"{""Fewer than 3 source photographs"": 2}";0;33;0
Deporte > Bicicletas > Bicicletas eléctricas;https://www.efe.com.pe/deporte/bicicletas/bicicletas-electricas.html;;5;50;source_exhausted;1;{};0;0;0
Deporte > Bicicletas > Bicicletas montañeras;https://www.efe.com.pe/deporte/bicicletas/bicicletas-monta-eras.html;Box Bike: 10/10 | Monark: 10/10 | Monarette: 8/10 | Tashine: 6/10 | Protuner: 3/10;0;13;source_exhausted;4;"{""Fewer than 3 source photographs"": 1}";0;34;0
Deporte > Bicicletas > Scooters eléctricos;https://www.efe.com.pe/deporte/bicicletas/scooters-electricos.html;Box Bike: 10/10 | Xiaomi: 10/10 | Nexgard: 7/10 | Navee: 1/10 | Segway: 1/10;0;21;source_exhausted;3;"{""Fewer than 3 source photographs"": 9}";0;24;0
Deporte > Máquinas y gimnasio > Bancas;https://www.efe.com.pe/deporte/maquinas-y-gimnasio/bancas.html;Genérico: 10/10 | Sport Fitness: 7/10 | Ultimate Fitness: 4/10 | RFitness: 2/10 | Atletis: 1/10;0;26;source_exhausted;3;"{""Fewer than 3 source photographs"": 3}";0;17;0
Deporte > Máquinas y gimnasio > Bicicletas estacionarias;https://www.efe.com.pe/deporte/maquinas-y-gimnasio/bicicletas-estacionarias.html;Ultimate Fitness: 10/10 | Gethex: 4/10 | Monark: 4/10 | Genérico: 2/10 | Box Bike: 1/10;0;29;source_exhausted;1;{};0;16;0
Deporte > Máquinas y gimnasio > Elípticas;https://www.efe.com.pe/deporte/maquinas-y-gimnasio/elipticas.html;Ultimate Fitness: 10/10 | Genérico: 8/10 | Atletis: 6/10 | BlackF: 2/10 | Monark: 2/10;0;22;source_exhausted;3;{};0;27;0
Deporte > Máquinas y gimnasio > Gimnasios;https://www.efe.com.pe/deporte/maquinas-y-gimnasio/gimnasios.html;Atletis: 10/10 | Ultimate Fitness: 9/10 | K6: 4/10 | Genérico: 2/10 | Monark: 2/10;0;23;source_exhausted;3;"{""Fewer than 3 source photographs"": 15}";0;21;0
Deporte > Máquinas y gimnasio > Trotadoras;https://www.efe.com.pe/deporte/maquinas-y-gimnasio/trotadoras.html;Atletis: 10/10 | Ultimate Fitness: 10/10 | Monark: 5/10 | K6: 3/10 | Sport Fitness: 2/10;0;20;source_exhausted;3;"{""Fewer than 3 source photographs"": 1}";0;20;0
Deporte > Ropa y accesorios > Mochilas y accesorios;https://www.efe.com.pe/deporte/ropa-y-accesorios/mochilas-y-accesorios.html;Aqua Force: 10/10 | Genérico: 10/10 | Himawari: 10/10 | Ultimate Fitness: 10/10 | Xtrem: 10/10;0;0;complete;7;"{""No published price in PEN"": 4, ""Fewer than 3 source photographs"": 24}";0;32;0
Deporte > Ropa y accesorios > Ropa deportiva;https://www.efe.com.pe/deporte/ropa-y-accesorios/ropa-deportiva.html;Kinetix: 10/10 | Kappa: 2/10 | Nike: 2/10 | Columbia: 1/10 | MyProtein: 1/10;0;34;source_exhausted;11;"{""Fewer than 3 source photographs"": 13, ""No published price in PEN"": 190, ""Fewer than 3 distinct downloadable photographs"": 1}";0;16;0
Deporte > Ropa y accesorios > Zapatillas;https://www.efe.com.pe/deporte/ropa-y-accesorios/zapatillas.html;Clean Lab: 10/10;4;40;source_exhausted;9;"{""Fewer than 3 source photographs"": 160}";0;10;0
Deporte > Suplementos > Accesorios;https://www.efe.com.pe/deporte/suplementos/accesorios.html;CURVY GUMMIES: 2/10 | General: 1/10 | QNT: 1/10;2;46;source_exhausted;1;{};0;4;0
Deporte > Suplementos > Creatinas;https://www.efe.com.pe/deporte/suplementos/creatinas.html;Optimum Nutrition: 3/10 | QNT: 2/10 | Ultimate Nutrition: 2/10 | Dymatize: 1/10 | Muscletech: 1/10;0;41;source_exhausted;3;"{""Fewer than 3 source photographs"": 30, ""Fewer than 3 distinct downloadable photographs"": 7}";0;9;0
Deporte > Suplementos > Ganador de masa;https://www.efe.com.pe/deporte/suplementos/ganador-de-masa.html;;5;50;source_exhausted;1;"{""Fewer than 3 source photographs"": 2}";0;0;0
Deporte > Suplementos > Preworkout;https://www.efe.com.pe/deporte/suplementos/preworkout.html;Insane Labz: 2/10 | Cellucor: 1/10 | Importado: 1/10 | REDCON1: 1/10;1;45;source_exhausted;1;"{""Fewer than 3 source photographs"": 6, ""Fewer than 3 distinct downloadable photographs"": 3}";0;5;0
Deporte > Suplementos > Proteínas;https://www.efe.com.pe/deporte/suplementos/proteinas.html;Health Natural: 10/10 | Universe Nutrition: 10/10 | Optimum Nutrition: 7/10 | QNT: 3/10 | Ovopower: 2/10;0;18;source_exhausted;36;"{""Fewer than 3 source photographs"": 66, ""Fewer than 3 distinct downloadable photographs"": 40, ""No published price in PEN"": 4}";0;32;0
Deporte > Tiempo libre y camping > Accesorios de camping;https://www.efe.com.pe/deporte/tiempo-libre-y-camping/accesorios-de-camping.html;Beston: 10/10 | Cafini: 10/10 | Genérico: 10/10 | Opalux: 10/10 | Tashine: 10/10;0;0;complete;10;"{""Fewer than 3 distinct downloadable photographs"": 1, ""Fewer than 3 source photographs"": 21, ""Brand not published"": 1, ""No published price in PEN"": 1}";0;11;0
Deporte > Tiempo libre y camping > Carpas;https://www.efe.com.pe/deporte/tiempo-libre-y-camping/carpas.html;Atletis: 10/10 | Genérico: 10/10 | National Geographic: 10/10 | Everbest: 2/10 | Opalux: 1/10;0;17;source_exhausted;4;"{""Fewer than 3 source photographs"": 7, ""No published price in PEN"": 4}";0;24;0
Deporte > Tiempo libre y camping > Colchones inflables;https://www.efe.com.pe/deporte/tiempo-libre-y-camping/colchones-inflables.html;Bestway: 7/10 | National Geographic: 2/10 | Intex: 1/10;2;40;source_exhausted;1;"{""Fewer than 3 source photographs"": 4}";0;1;0
Deporte > Tiempo libre y camping > Coolers;https://www.efe.com.pe/deporte/tiempo-libre-y-camping/coolers.html;Aqua Force: 2/10 | Genérico: 2/10 | Merci Hogar: 1/10;2;45;source_exhausted;1;"{""Fewer than 3 source photographs"": 7}";1;5;0
Deporte > Tiempo libre y camping > Juegos de exterior;https://www.efe.com.pe/deporte/tiempo-libre-y-camping/juegos-de-exterior.html;Bestway: 10/10;4;40;source_exhausted;1;"{""Fewer than 3 source photographs"": 2}";0;0;0
Deporte > Tiempo libre y camping > Mochilas outdoors;https://www.efe.com.pe/deporte/tiempo-libre-y-camping/mochilas-outdoors.html;Genérico: 10/10 | National Geographic: 10/10 | Ultimate Fitness: 5/10 | Marca Generica: 3/10 | Wiwu: 3/10;0;19;source_exhausted;6;"{""Fewer than 3 source photographs"": 5, ""Fewer than 3 distinct downloadable photographs"": 1, ""No published price in PEN"": 4}";0;30;0
Deporte > Tiempo libre y camping > Piscinas e inflables;https://www.efe.com.pe/deporte/tiempo-libre-y-camping/piscinas-e-inflables.html;Bestway: 10/10 | Intex: 2/10 | Genérico: 1/10 | Movenda Muebles: 1/10;1;36;source_exhausted;5;"{""Fewer than 3 source photographs"": 7}";0;4;0
Deporte > Tiempo libre y camping > Sacos de dormir;https://www.efe.com.pe/deporte/tiempo-libre-y-camping/sacos-de-dormir.html;Genérico: 5/10 | Terra Force: 5/10 | Intex: 2/10 | Bestway: 1/10 | Diman: 1/10;0;36;source_exhausted;1;"{""Fewer than 3 source photographs"": 1, ""No published price in PEN"": 4}";0;14;0
Dormitorio > Camas Box Tarima > 1.5 Plazas;https://www.efe.com.pe/dormitorio/camas-box-tarina/1-5-plazas.html;Baraka Home: 10/10 | El Cisne: 10/10 | Forli: 10/10 | Paraíso: 10/10 | Pauza: 2/10;0;8;source_exhausted;9;"{""Fewer than 3 source photographs"": 8}";1;2;0
Dormitorio > Camas Box Tarima > 2 Plazas;https://www.efe.com.pe/dormitorio/camas-box-tarina/2-plazas.html;Baraka Home: 10/10 | Forli: 10/10 | Paraiso: 10/10 | El Cisne: 9/10 | Pauza: 3/10;0;8;source_exhausted;8;"{""Fewer than 3 source photographs"": 9}";1;2;0
Dormitorio > Camas Box Tarima > King;https://www.efe.com.pe/dormitorio/camas-box-tarina/king.html;Paraíso: 10/10 | Baraka Home: 5/10 | El Cisne: 5/10 | Forli: 3/10;1;27;source_exhausted;5;"{""Fewer than 3 source photographs"": 5}";0;0;0
Dormitorio > Camas Box Tarima > Queen;https://www.efe.com.pe/dormitorio/camas-box-tarina/queen.html;Baraka Home: 10/10 | Forli: 10/10 | Paraíso: 10/10 | El Cisne: 5/10;1;15;source_exhausted;7;"{""Fewer than 3 source photographs"": 8}";0;0;0
Dormitorio > Colchones > 1 Plaza;https://www.efe.com.pe/dormitorio/colchones/1-plaza.html;Paraíso: 9/10 | El Cisne: 1/10 | Forli: 1/10;2;39;source_exhausted;1;"{""Fewer than 3 source photographs"": 1}";0;0;0
Dormitorio > Colchones > 1.5 Plazas;https://www.efe.com.pe/dormitorio/colchones/1-5-plazas.html;Forli: 10/10 | Paraíso: 10/10 | El Cisne: 7/10 | Pauza: 5/10 | Komfort: 1/10;0;17;source_exhausted;4;"{""Fewer than 3 source photographs"": 8}";0;0;0
Dormitorio > Colchones > 2 Plazas;https://www.efe.com.pe/dormitorio/colchones/2-plazas.html;Forli: 10/10 | Paraíso: 10/10 | El Cisne: 6/10 | Pauza: 5/10 | Komfort: 1/10;0;18;source_exhausted;4;"{""Fewer than 3 source photographs"": 7}";0;0;0
Dormitorio > Colchones > Infantil;https://www.efe.com.pe/dormitorio/colchones/infantil.html;Paraíso: 1/10;4;49;source_exhausted;1;{};0;0;0
Dormitorio > Colchones > King;https://www.efe.com.pe/dormitorio/colchones/king.html;Paraiso: 10/10 | El Cisne: 3/10 | Forli: 3/10 | Pauza: 1/10;1;33;source_exhausted;1;"{""Fewer than 3 source photographs"": 6}";0;0;0
Dormitorio > Colchones > Queen;https://www.efe.com.pe/dormitorio/colchones/queen.html;Paraíso: 10/10 | Forli: 8/10 | El Cisne: 5/10 | Pauza: 1/10;1;26;source_exhausted;3;"{""Fewer than 3 source photographs"": 6}";0;0;0
Dormitorio > Dormitorio infantil > Comodas y cambiadores;https://www.efe.com.pe/dormitorio/dormitorio-infantil/c-modas-y-cambiadores.html;;5;50;source_exhausted;1;{};0;0;0
Dormitorio > Dormitorio infantil > Cunas y cama para niños;https://www.efe.com.pe/dormitorio/dormitorio-infantil/cunas-y-cama-para-ni-os.html;Movenda Muebles: 10/10 | Ebaby: 8/10 | Mall Hogar: 2/10 | 2020 Home Perú: 1/10;1;29;source_exhausted;3;"{""Fewer than 3 source photographs"": 1, ""Fewer than 3 distinct downloadable photographs"": 3}";0;12;0
Dormitorio > Juegos de dormitorio > 1.5 Plazas;https://www.efe.com.pe/dormitorio/juegos-de-dormitorio/1-5-plazas.html;Baraka Home: 10/10 | Forli: 10/10 | Paraíso: 10/10 | The Perfect Home: 4/10;1;16;source_exhausted;6;{};0;2;0
Dormitorio > Juegos de dormitorio > 2 Plazas;https://www.efe.com.pe/dormitorio/juegos-de-dormitorio/2-plazas.html;Baraka Home: 10/10 | Forli: 10/10 | Paraíso: 10/10 | The Perfect Home: 1/10;1;19;source_exhausted;7;"{""Fewer than 3 source photographs"": 2}";1;3;0
Dormitorio > Juegos de dormitorio > King;https://www.efe.com.pe/dormitorio/juegos-de-dormitorio/king.html;Forli: 10/10 | Paraiso: 10/10;3;30;source_exhausted;4;{};0;0;0
Dormitorio > Juegos de dormitorio > Queen;https://www.efe.com.pe/dormitorio/juegos-de-dormitorio/queen.html;Forli: 10/10 | Paraíso: 10/10;3;30;source_exhausted;5;{};0;0;0
Dormitorio > Marcas > El Cisne;https://www.efe.com.pe/dormitorio/marcas/el-cisne.html;El Cisne: 10/10;4;40;source_exhausted;6;"{""Fewer than 3 source photographs"": 7}";0;0;0
Dormitorio > Marcas > Forli;https://www.efe.com.pe/dormitorio/marcas/forli.html;Forli: 10/10;4;40;source_exhausted;8;{};0;0;0
Dormitorio > Marcas > Paraíso;https://www.efe.com.pe/dormitorio/marcas/paraiso.html;Paraíso: 10/10;4;40;source_exhausted;30;{};1;0;0
Dormitorio > Muebles de dormitorio > C modas y tocadores;https://www.efe.com.pe/dormitorio/muebles-de-dormitorio/c-modas-y-tocadores.html;TuHome: 1/10;4;49;source_exhausted;1;{};0;0;0
Dormitorio > Muebles de dormitorio > Cabeceras;https://www.efe.com.pe/dormitorio/muebles-de-dormitorio/cabeceras.html;Baraka Home: 10/10 | Paraíso: 10/10;3;30;source_exhausted;5;"{""Fewer than 3 source photographs"": 2}";0;0;0
Dormitorio > Muebles de dormitorio > Cómodas y tocadores;https://www.efe.com.pe/dormitorio/muebles-de-dormitorio/comodas-y-tocadores.html;TuHome: 9/10 | Baraka Home: 1/10 | Casabella: 1/10;2;39;source_exhausted;1;"{""Fewer than 3 source photographs"": 2}";0;2;0
Dormitorio > Muebles de dormitorio > Roperos;https://www.efe.com.pe/dormitorio/muebles-de-dormitorio/roperos.html;TuHome: 10/10 | Pazart Muebles: 5/10 | Movenda Muebles: 1/10;2;34;source_exhausted;3;"{""Fewer than 3 source photographs"": 1}";0;2;0
Dormitorio > Muebles de dormitorio > Veladores;https://www.efe.com.pe/dormitorio/muebles-de-dormitorio/veladores.html;Forli: 10/10 | TuHome: 10/10 | Genérico: 5/10;2;25;source_exhausted;3;{};0;5;0
Dormitorio > Muebles de dormitorio > Zapateras;https://www.efe.com.pe/dormitorio/muebles-de-dormitorio/zapateras.html;TuHome: 8/10 | 2020 Home Perú: 1/10 | Genérico: 1/10 | Importado: 1/10 | Mall Hogar: 1/10;0;38;source_exhausted;1;"{""Fewer than 3 source photographs"": 3, ""No published price in PEN"": 2}";0;4;0
Dormitorio > Ropa de cama > Almohadas y protectores;https://www.efe.com.pe/dormitorio/ropa-de-cama/almohadas-y-protectores.html;El Cisne: 9/10 | Genérico: 8/10 | HYPNO HOME: 6/10 | Paraíso: 6/10 | Forli: 4/10;0;17;source_exhausted;3;"{""Fewer than 3 source photographs"": 6}";0;22;0
Dormitorio > Ropa de cama > Cojines y accesorios;https://www.efe.com.pe/dormitorio/ropa-de-cama/cojines-y-accesorios.html;;5;50;source_exhausted;1;"{""Fewer than 3 source photographs"": 16}";0;0;0
Dormitorio > Ropa de cama > Cubrecamas;https://www.efe.com.pe/dormitorio/ropa-de-cama/cubrecamas.html;;5;50;source_exhausted;1;{};0;0;0
Dormitorio > Ropa de cama > Edredones y plumas;https://www.efe.com.pe/dormitorio/ropa-de-cama/edredones-y-plumas.html;QAYA: 10/10 | Kiseki Studio: 1/10;3;39;source_exhausted;1;"{""No published price in PEN"": 2, ""Fewer than 3 source photographs"": 1}";0;11;0
Dormitorio > Ropa de cama > Frazadas y mantas;https://www.efe.com.pe/dormitorio/ropa-de-cama/frazadas-y-mantas.html;HYPNO HOME: 2/10;4;48;source_exhausted;1;{};0;2;0
Dormitorio > Ropa de cama > Sábanas y fundas de almohadas;https://www.efe.com.pe/dormitorio/ropa-de-cama/sabanas-y-fundas-de-almohadas.html;The Perfect Home: 6/10 | Genérico: 1/10;3;43;source_exhausted;3;"{""Fewer than 3 source photographs"": 20}";0;0;0
Electrohogar > Climatización > Aires acondicionados;https://www.efe.com.pe/electrohogar/climatizacion/aires-acondicionados.html;Kendal: 7/10 | Imaco: 6/10 | Sole: 6/10 | Mabe: 5/10 | Genérico: 4/10;0;22;source_exhausted;4;"{""No published price in PEN"": 5, ""Fewer than 3 source photographs"": 6}";0;23;0
Electrohogar > Climatización > Calefacción;https://www.efe.com.pe/electrohogar/climatizacion/calefaccion.html;Genérico: 10/10 | Imaco: 10/10 | Kendal: 10/10 | Miray: 10/10 | Sole: 10/10;0;0;complete;7;"{""Fewer than 3 source photographs"": 18}";0;25;0
Electrohogar > Climatización > Deshumedecedores;https://www.efe.com.pe/electrohogar/climatizacion/deshumedecedores.html;Imaco: 10/10 | Miray: 10/10 | Taurus: 7/10 | Alfano: 2/10 | Genérico: 1/10;0;20;source_exhausted;6;"{""Fewer than 3 source photographs"": 23, ""Fewer than 3 distinct downloadable photographs"": 1}";0;17;0
Electrohogar > Climatización > Purificadores de aire;https://www.efe.com.pe/electrohogar/climatizacion/purificadores-de-aire.html;Imaco: 3/10 | Dreame: 2/10 | Genérico: 1/10 | Haverland: 1/10 | Kiseki Studio: 1/10;0;42;source_exhausted;1;"{""Fewer than 3 source photographs"": 6}";0;6;0
Electrohogar > Climatización > Termas y calentadores;https://www.efe.com.pe/electrohogar/climatizacion/termas-y-calentadores.html;Bryant: 10/10 | Rheem: 10/10 | Rotoplas: 10/10 | Sole: 10/10 | Imaco: 9/10;0;1;source_exhausted;8;"{""Fewer than 3 source photographs"": 12, ""Fewer than 3 distinct downloadable photographs"": 1}";0;15;0
Electrohogar > Climatización > Ventiladores;https://www.efe.com.pe/electrohogar/climatizacion/ventiladores.html;Genérico: 10/10 | Imaco: 10/10 | Importado: 10/10 | Kendal: 10/10 | Trevely: 10/10;0;0;complete;11;"{""Fewer than 3 distinct downloadable photographs"": 4, ""Fewer than 3 source photographs"": 23}";0;33;0
Electrohogar > Cocina > Campanas;https://www.efe.com.pe/electrohogar/cocina/campanas.html;Electrolux: 10/10 | Indurama: 10/10 | Mabe: 10/10 | S-Collection: 10/10 | Sole: 10/10;0;0;complete;5;"{""Fewer than 3 source photographs"": 3}";0;11;0
Electrohogar > Cocina > Cocinas de mesa;https://www.efe.com.pe/electrohogar/cocina/cocinas-de-mesa.html;Mabe: 8/10 | Genérico: 6/10 | Taurus: 3/10 | Imaco: 2/10 | Raff: 1/10;0;30;source_exhausted;3;"{""Fewer than 3 source photographs"": 23}";0;1;0
Electrohogar > Cocina > Cocinas de pie;https://www.efe.com.pe/electrohogar/cocina/cocinas-de-pie.html;Electrolux: 10/10 | Indurama: 10/10 | Mabe: 10/10 | Fadic: 9/10 | Sole: 9/10;0;2;source_exhausted;12;"{""Fewer than 3 source photographs"": 20}";0;6;0
Electrohogar > Cocina > Cocinas empotrables;https://www.efe.com.pe/electrohogar/cocina/cocinas-empotrables.html;FDV: 10/10 | Indurama: 10/10 | S-Collection: 10/10 | Sole: 10/10 | Aghaso: 7/10;0;3;source_exhausted;6;"{""Fewer than 3 source photographs"": 9}";16;4;0
Electrohogar > Cocina > Combos de cocina;https://www.efe.com.pe/electrohogar/cocina/combos-de-cocina.html;S-Collection: 10/10 | Sole: 10/10 | Record: 4/10 | Aghaso: 1/10 | Bord: 1/10;0;24;source_exhausted;4;"{""Fewer than 3 source photographs"": 2}";0;0;0
Electrohogar > Cocina > Hornos eléctricos;https://www.efe.com.pe/electrohogar/cocina/hornos-electricos.html;Imaco: 10/10 | Oster: 10/10 | Thomas: 4/10 | Electrolux: 3/10 | Grondoy: 3/10;0;20;source_exhausted;5;"{""Fewer than 3 source photographs"": 11}";0;21;0
Electrohogar > Cocina > Hornos empotrables;https://www.efe.com.pe/electrohogar/cocina/hornos-empotrables.html;FDV: 10/10 | S-Collection: 10/10 | Sole: 8/10 | Indurama: 5/10 | Bosch: 3/10;0;14;source_exhausted;3;"{""Fewer than 3 source photographs"": 3}";3;5;0
Electrohogar > Cocina > Lavavajillas;https://www.efe.com.pe/electrohogar/cocina/lavavajillas.html;Electrolux: 2/10;4;48;source_exhausted;1;{};0;0;0
Electrohogar > Cocina > Microondas;https://www.efe.com.pe/electrohogar/cocina/microondas.html;Electrolux: 10/10 | LG: 10/10 | Oster: 10/10 | Panasonic: 10/10 | Samsung: 10/10;0;0;complete;6;"{""Fewer than 3 source photographs"": 16, ""Fewer than 3 distinct downloadable photographs"": 1}";0;10;0
Electrohogar > Cuidado de la ropa > Máquinas de coser;https://www.efe.com.pe/electrohogar/cuidado-de-la-ropa/maquinas-de-coser.html;Singer: 4/10;4;46;source_exhausted;1;"{""Fewer than 3 source photographs"": 12}";0;0;0
Electrohogar > Cuidado de la ropa > Planchador;https://www.efe.com.pe/electrohogar/cuidado-de-la-ropa/planchador.html;Braun: 1/10;4;49;source_exhausted;1;{};0;1;0
Electrohogar > Cuidado de la ropa > Planchas;https://www.efe.com.pe/electrohogar/cuidado-de-la-ropa/planchas.html;Electrolux: 10/10 | Imaco: 10/10 | Oster: 10/10 | Miray: 7/10 | Record: 6/10;0;7;source_exhausted;9;"{""Fewer than 3 source photographs"": 34}";0;17;0
Electrohogar > Cuidado personal > Afeitadoras y cortadoras de pelo;https://www.efe.com.pe/electrohogar/cuidado-personal/afeitadoras-y-cortadoras-de-pelo.html;Kemei: 10/10 | OEM: 10/10 | Philips: 10/10 | Wahl: 10/10 | Warc: 10/10;0;0;complete;11;"{""Fewer than 3 source photographs"": 22, ""No published price in PEN"": 3}";0;28;0
Electrohogar > Cuidado personal > Alisadoras y onduladoras;https://www.efe.com.pe/electrohogar/cuidado-personal/alisadoras-y-onduladoras.html;BaByliss Pro: 10/10 | Gama: 10/10 | Remington: 10/10 | Siegen: 10/10 | Taurus: 10/10;0;0;complete;7;"{""Fewer than 3 distinct downloadable photographs"": 7, ""Fewer than 3 source photographs"": 37}";9;30;0
Electrohogar > Cuidado personal > Bienestar y salud;https://www.efe.com.pe/electrohogar/cuidado-personal/bienestar-y-salud.html;Genérico: 10/10 | Footrest: 1/10 | Leotec: 1/10;2;38;source_exhausted;1;"{""Fewer than 3 source photographs"": 1}";0;0;0
Electrohogar > Cuidado personal > Depiladoras;https://www.efe.com.pe/electrohogar/cuidado-personal/depiladoras.html;FLOWER SECRET: 6/10 | Philips: 5/10 | Bossney: 2/10 | Gama: 2/10 | GENERICO: 1/10;0;34;source_exhausted;3;"{""Fewer than 3 distinct downloadable photographs"": 1, ""No published price in PEN"": 2, ""Fewer than 3 source photographs"": 6}";0;16;0
Electrohogar > Cuidado personal > Secadoras de pelo;https://www.efe.com.pe/electrohogar/cuidado-personal/secadoras-de-pelo.html;Gama: 10/10 | Imaco: 10/10 | Philips: 10/10 | Remington: 10/10 | Siegen: 10/10;0;0;complete;7;"{""Fewer than 3 source photographs"": 25, ""Fewer than 3 distinct downloadable photographs"": 1}";0;25;0
Electrohogar > Electrodomésticos > Batidoras;https://www.efe.com.pe/electrohogar/electrodomesticos/batidoras.html;Imaco: 10/10 | Oster: 10/10 | Taurus: 10/10 | Finezza: 9/10 | Ventus: 9/10;0;2;source_exhausted;12;"{""Fewer than 3 source photographs"": 52, ""Fewer than 3 distinct downloadable photographs"": 7}";0;17;0
Electrohogar > Electrodomésticos > Cafeteras y Hervidores;https://www.efe.com.pe/electrohogar/electrodomesticos/cafeteras-y-hervidores.html;Electrolux: 10/10 | Imaco: 10/10 | Oster: 10/10 | Taurus: 10/10 | Thomas: 10/10;0;0;complete;10;"{""Fewer than 3 source photographs"": 49}";0;10;0
Electrohogar > Electrodomésticos > Cocina entretenida;https://www.efe.com.pe/electrohogar/electrodomesticos/cocina-entretenida.html;Finezza: 10/10 | Grondoy: 10/10 | Blanik: 8/10 | Imaco: 7/10 | Taurus: 6/10;0;9;source_exhausted;6;"{""Fewer than 3 source photographs"": 14, ""Fewer than 3 distinct downloadable photographs"": 1}";0;28;0
Electrohogar > Electrodomésticos > Combos;https://www.efe.com.pe/electrohogar/electrodomesticos/combos.html;Imaco: 10/10 | Oster: 10/10 | Practika: 9/10 | Record: 7/10 | Taurus: 6/10;0;8;source_exhausted;6;"{""Fewer than 3 source photographs"": 20, ""No published price in PEN"": 1, ""Fewer than 3 distinct downloadable photographs"": 7}";1;24;0
Electrohogar > Electrodomésticos > Extractores y exprimidores;https://www.efe.com.pe/electrohogar/electrodomesticos/extractores-y-exprimidores.html;Finezza: 10/10 | Imaco: 10/10 | Indurama: 10/10 | Oster: 10/10 | Taurus: 10/10;0;0;complete;10;"{""Fewer than 3 source photographs"": 45, ""No published price in PEN"": 1, ""Fewer than 3 distinct downloadable photographs"": 1}";0;26;0
Electrohogar > Electrodomésticos > Freidoras de aire;https://www.efe.com.pe/electrohogar/electrodomesticos/freidoras-de-aire.html;Imaco: 10/10 | Miray: 10/10 | Oster: 10/10 | Philips: 10/10 | Taurus: 10/10;0;0;complete;7;"{""Fewer than 3 source photographs"": 4}";0;25;0
Electrohogar > Electrodomésticos > Hornos Eléctricos;https://www.efe.com.pe/electrohogar/electrodomesticos/hornos-electricos.html;Imaco: 5/10 | Thomas: 4/10 | Ventus: 2/10 | Oster: 1/10 | Record: 1/10;0;37;source_exhausted;1;"{""Fewer than 3 source photographs"": 5}";0;1;0
Electrohogar > Electrodomésticos > Licuadoras;https://www.efe.com.pe/electrohogar/electrodomesticos/licuadoras.html;Imaco: 10/10 | Oster: 10/10 | Practika: 10/10 | Taurus: 10/10 | Thomas: 10/10;0;0;complete;11;"{""Fewer than 3 source photographs"": 48}";0;11;0
Electrohogar > Electrodomésticos > Ollas arroceras;https://www.efe.com.pe/electrohogar/electrodomesticos/ollas-arroceras.html;Imaco: 10/10 | Indurama: 10/10 | Miray: 10/10 | Oster: 10/10 | Thomas: 6/10;0;4;source_exhausted;9;"{""Fewer than 3 source photographs"": 39}";0;24;0
Electrohogar > Electrodomésticos > Tostadoras y sandwicheras;https://www.efe.com.pe/electrohogar/electrodomesticos/tostadoras-y-sandwicheras.html;Electrolux: 10/10 | Imaco: 10/10 | Oster: 10/10 | Taurus: 10/10 | Thomas: 10/10;0;0;complete;13;"{""Fewer than 3 source photographs"": 56}";0;10;0
Electrohogar > Lavado > Centros de lavado;https://www.efe.com.pe/electrohogar/lavado/centros-de-lavado.html;Mabe: 4/10 | LG: 2/10 | Genérico: 1/10;2;43;source_exhausted;1;{};0;1;0
Electrohogar > Lavado > Hidrolavadoras;https://www.efe.com.pe/electrohogar/lavado/hidrolavadoras.html;Karcher: 10/10 | Electrolux: 2/10;3;38;source_exhausted;1;"{""No published price in PEN"": 1, ""Fewer than 3 source photographs"": 4}";0;2;0
Electrohogar > Lavado > Lavadoras;https://www.efe.com.pe/electrohogar/lavado/lavadoras.html;Hisense: 10/10 | Indurama: 10/10 | LG: 10/10 | Mabe: 10/10 | Samsung: 10/10;0;0;complete;6;"{""Fewer than 3 source photographs"": 3}";0;4;0
Electrohogar > Lavado > Lavasecas;https://www.efe.com.pe/electrohogar/lavado/lavasecas.html;Samsung: 7/10 | LG: 5/10 | Indurama: 4/10 | Hisense: 2/10;1;32;source_exhausted;1;{};0;8;0
Electrohogar > Lavado > Lavavajillas;https://www.efe.com.pe/electrohogar/lavado/lavavajillas.html;Bosch: 2/10 | Electrolux: 2/10 | Tramontina: 1/10;2;45;source_exhausted;1;"{""Fewer than 3 source photographs"": 1}";0;1;0
Electrohogar > Lavado > Secadoras;https://www.efe.com.pe/electrohogar/lavado/secadoras.html;Mabe: 6/10 | Electrolux: 5/10 | Genérico: 2/10 | Samsung: 2/10 | Aghaso: 1/10;0;34;source_exhausted;1;"{""Fewer than 3 source photographs"": 2}";0;9;0
Electrohogar > Limpieza > Aspiradoras;https://www.efe.com.pe/electrohogar/limpieza/aspiradoras.html;Dreame: 10/10 | Electrolux: 10/10 | Karcher: 10/10 | Taurus: 10/10 | Thomas: 10/10;0;0;complete;9;"{""Fewer than 3 source photographs"": 36}";5;16;0
Electrohogar > Limpieza > Aspiradoras de robot;https://www.efe.com.pe/electrohogar/limpieza/aspiradoras-de-robot.html;Electrolux: 3/10 | Tesvor: 2/10 | Karcher: 1/10 | Xiaomi: 1/10;1;43;source_exhausted;1;{};0;0;0
Electrohogar > Limpieza > Hidrolavadoras;https://www.efe.com.pe/electrohogar/limpieza/hidrolavadoras.html;Karcher: 10/10 | Genérico: 3/10 | Electrolux: 2/10 | Bosch: 1/10 | Pretul: 1/10;0;33;source_exhausted;3;"{""No published price in PEN"": 1, ""Fewer than 3 source photographs"": 7, ""Fewer than 3 distinct downloadable photographs"": 1}";0;7;0
Electrohogar > Limpieza > Lustradoras;https://www.efe.com.pe/electrohogar/limpieza/lustradoras.html;;5;50;source_exhausted;1;"{""Fewer than 3 source photographs"": 1}";0;0;0
Electrohogar > Limpieza > Otros;https://www.efe.com.pe/electrohogar/limpieza/otros.html;Genérico: 6/10 | Kiseki Studio: 2/10 | Carsun: 1/10;2;41;source_exhausted;1;"{""Fewer than 3 source photographs"": 5, ""No published price in PEN"": 1, ""Fewer than 3 distinct downloadable photographs"": 1}";0;6;0
Electrohogar > Marcas > Bord;https://www.efe.com.pe/electrohogar/marcas/bord.html;Bord: 10/10;4;40;source_exhausted;4;"{""No published price in PEN"": 4}";1;0;0
Electrohogar > Marcas > Bosch;https://www.efe.com.pe/electrohogar/marcas/bosch.html;Bosch: 10/10;4;40;source_exhausted;1;{};0;0;0
Electrohogar > Marcas > Coldex;https://www.efe.com.pe/electrohogar/marcas/coldex.html;Coldex: 10/10;4;40;source_exhausted;3;{};1;2;0
Electrohogar > Marcas > Electrolux;https://www.efe.com.pe/electrohogar/marcas/electrolux.html;Electrolux: 10/10;4;40;source_exhausted;5;"{""Brand not published"": 1}";0;0;0
Electrohogar > Marcas > Imaco;https://www.efe.com.pe/electrohogar/marcas/imaco.html;Imaco: 10/10;4;40;source_exhausted;11;"{""Fewer than 3 source photographs"": 2}";0;0;0
Electrohogar > Marcas > Indurama;https://www.efe.com.pe/electrohogar/marcas/indurama.html;Indurama: 10/10;4;40;source_exhausted;8;{};0;0;0
Electrohogar > Marcas > LG;https://www.efe.com.pe/electrohogar/marcas/lg.html;LG: 10/10;4;40;source_exhausted;4;"{""No published price in PEN"": 1}";1;0;0
Electrohogar > Marcas > Mabe;https://www.efe.com.pe/electrohogar/marcas/mabe.html;Mabe: 10/10;4;40;source_exhausted;4;{};0;0;0
Electrohogar > Marcas > Oster;https://www.efe.com.pe/electrohogar/marcas/oster.html;Oster: 10/10;4;40;source_exhausted;10;"{""Fewer than 3 source photographs"": 10}";0;0;0
Electrohogar > Marcas > Samsung;https://www.efe.com.pe/electrohogar/marcas/samsung.html;Samsung: 10/10;4;40;source_exhausted;4;{};0;0;0
Electrohogar > Refrigeración > Congeladoras y Exhibidoras;https://www.efe.com.pe/electrohogar/refrigeracion/congeladoras.html;Electrolux: 10/10 | Ilumi: 10/10 | Indurama: 10/10 | Mabe: 10/10 | Ventus: 10/10;0;0;complete;7;"{""Fewer than 3 source photographs"": 6}";3;7;0
Electrohogar > Refrigeración > Dispensadores y purificadores de agua;https://www.efe.com.pe/electrohogar/refrigeracion/dispensadores-y-purificadores-de-agua.html;Electrolux: 10/10 | Oster: 10/10 | Rotoplas: 7/10 | Mabe: 6/10 | Yakua: 6/10;0;11;source_exhausted;6;"{""Fewer than 3 source photographs"": 30, ""Fewer than 3 distinct downloadable photographs"": 2}";0;29;0
Electrohogar > Refrigeración > Frigobares y vineras;https://www.efe.com.pe/electrohogar/refrigeracion/frigobares-y-vineras.html;Electrolux: 10/10 | Indurama: 10/10 | Mabe: 10/10 | Oster: 10/10 | Libero: 6/10;0;4;source_exhausted;6;"{""Fewer than 3 source photographs"": 5}";0;11;0
Electrohogar > Refrigeración > Refrigeradoras;https://www.efe.com.pe/electrohogar/refrigeracion/refrigeradoras.html;Electrolux: 10/10 | Indurama: 10/10 | LG: 10/10 | Mabe: 10/10 | Samsung: 10/10;0;0;complete;4;{};0;2;0
Electrohogar > Refrigeración > Visicoolers;https://www.efe.com.pe/electrohogar/refrigeracion/visicoolers.html;Ventus: 10/10 | Ilumi: 5/10 | Coldex: 1/10;2;34;source_exhausted;3;"{""Fewer than 3 source photographs"": 3}";1;1;0
Equipamento Gastronómico > Línea Neutro > Amasadoras;https://www.efe.com.pe/equipamiento-gastronomico/linea-neutro/amasadora.html;Grondoy: 5/10 | Ventus: 4/10;3;41;source_exhausted;1;"{""Fewer than 3 source photographs"": 1}";0;5;0
Equipamento Gastronómico > Línea Neutro > Balanzas;https://www.efe.com.pe/equipamiento-gastronomico/linea-neutro/balanzas.html;Genérico: 9/10 | Truper: 4/10 | Opalux: 1/10 | Taurus: 1/10 | Ventus: 1/10;0;34;source_exhausted;3;"{""Fewer than 3 source photographs"": 10}";0;8;0
Equipamento Gastronómico > Línea Neutro > Batidoras;https://www.efe.com.pe/equipamiento-gastronomico/linea-neutro/batidoras.html;Ventus: 6/10 | Ilumi: 2/10 | Genérico: 1/10;2;41;source_exhausted;1;"{""Fewer than 3 source photographs"": 1}";0;1;0
Equipamento Gastronómico > Línea Neutro > Exprimidores de Jugos;https://www.efe.com.pe/equipamiento-gastronomico/linea-neutro/exprimidores-de-jugos.html;Ventus: 2/10 | Ilumi: 1/10;3;47;source_exhausted;1;"{""Fewer than 3 source photographs"": 1}";0;1;0
Equipamento Gastronómico > Línea Neutro > Licuadoras;https://www.efe.com.pe/equipamiento-gastronomico/linea-neutro/licuadoras.html;Ventus: 8/10 | Coldex: 5/10 | Ilumi: 5/10 | 5932: 3/10 | Bord: 1/10;0;28;source_exhausted;1;{};3;3;0
Equipamento Gastronómico > Línea Neutro > Moledoras;https://www.efe.com.pe/equipamiento-gastronomico/linea-neutro/moledoras.html;Grondoy: 1/10 | Ventus: 1/10;3;48;source_exhausted;1;"{""Fewer than 3 source photographs"": 1}";0;1;0
Equipamento Gastronómico > Línea Neutro > Otros;https://www.efe.com.pe/equipamiento-gastronomico/linea-neutro/otros.html;Ventus: 2/10;4;48;source_exhausted;1;{};0;0;0
Equipamento Gastronómico > Línea Neutro > Peladoras;https://www.efe.com.pe/equipamiento-gastronomico/linea-neutro/peladoras.html;Kenwood: 1/10;4;49;source_exhausted;1;"{""Fewer than 3 source photographs"": 4}";0;1;0
Equipamento Gastronómico > Línea Neutro > Procesadoras;https://www.efe.com.pe/equipamiento-gastronomico/linea-neutro/procesadoras.html;Imaco: 5/10 | Kenwood: 3/10 | Bosch: 1/10 | Oster: 1/10 | Philips: 1/10;0;39;source_exhausted;1;"{""Fewer than 3 source photographs"": 4}";0;9;0
Equipamento Gastronómico > Línea Neutro > Ralladoras;https://www.efe.com.pe/equipamiento-gastronomico/linea-neutro/ralladoras.html;Tramontina: 1/10;4;49;source_exhausted;1;"{""Fewer than 3 source photographs"": 1}";0;0;0
Equipamento Gastronómico > Línea Neutro > Rebanadoras;https://www.efe.com.pe/equipamiento-gastronomico/linea-neutro/rebanadoras.html;Ventus: 3/10 | Finezza: 2/10 | Grondoy: 1/10 | Ilumi: 1/10 | Imaco: 1/10;0;42;source_exhausted;1;{};0;6;0
Equipamento Gastronómico > Línea Neutro > Selladoras al Vacio;https://www.efe.com.pe/equipamiento-gastronomico/linea-neutro/selladoras-al-vacio.html;Genérico: 10/10 | Grondoy: 2/10 | Ilumi: 2/10 | Ventus: 2/10 | Truper: 1/10;0;33;source_exhausted;3;{};0;13;0
Equipamento Gastronómico > Línea de Calor > Cocinas;https://www.efe.com.pe/equipamiento-gastronomico/linea-de-calor/cocinas.html;Ilumi: 5/10;4;45;source_exhausted;1;"{""Fewer than 3 source photographs"": 9}";0;2;0
Equipamento Gastronómico > Línea de Calor > Creperas;https://www.efe.com.pe/equipamiento-gastronomico/linea-de-calor/creperas.html;Ventus: 2/10 | Ilumi: 1/10 | Severin: 1/10;2;46;source_exhausted;1;"{""Fewer than 3 source photographs"": 1}";0;1;0
Equipamento Gastronómico > Línea de Calor > Exhibidores;https://www.efe.com.pe/equipamiento-gastronomico/linea-de-calor/exhibidores.html;Ventus: 2/10 | Ilumi: 1/10;3;47;source_exhausted;1;{};0;0;0
Equipamento Gastronómico > Línea de Calor > Freidoras;https://www.efe.com.pe/equipamiento-gastronomico/linea-de-calor/freidoras.html;Ilumi: 5/10 | Ventus: 3/10 | Oster: 2/10 | Alfano: 1/10 | Boma: 1/10;0;38;source_exhausted;1;"{""Fewer than 3 source photographs"": 1}";0;5;0
Equipamento Gastronómico > Línea de Calor > Hervidores de Agua;https://www.efe.com.pe/equipamiento-gastronomico/linea-de-calor/hervidores-de-agua.html;Coldex: 5/10 | Ventus: 3/10 | Bord: 1/10;2;41;source_exhausted;1;{};0;0;0
Equipamento Gastronómico > Línea de Calor > Hornos;https://www.efe.com.pe/equipamiento-gastronomico/linea-de-calor/hornos.html;Ilumi: 6/10 | Ventus: 3/10 | Grondoy: 1/10;2;40;source_exhausted;1;"{""Fewer than 3 source photographs"": 3}";0;2;0
Equipamento Gastronómico > Línea de Calor > Mantenedores;https://www.efe.com.pe/equipamiento-gastronomico/linea-de-calor/mantenedores.html;;5;50;source_exhausted;1;{};0;0;0
Equipamento Gastronómico > Línea de Calor > Maquinas de Algodón;https://www.efe.com.pe/equipamiento-gastronomico/linea-de-calor/maquinas-de-algodon.html;Ventus: 3/10 | Grondoy: 2/10 | DSP: 1/10;2;44;source_exhausted;1;"{""Fewer than 3 source photographs"": 1}";0;3;0
Equipamento Gastronómico > Línea de Calor > Maquinas de Pop Corn;https://www.efe.com.pe/equipamiento-gastronomico/linea-de-calor/maquinas-de-pop-corn.html;Ventus: 3/10 | Genérico: 2/10 | Grondoy: 2/10 | Imaco: 1/10 | Maxicompra: 1/10;0;41;source_exhausted;1;"{""Fewer than 3 source photographs"": 3}";0;5;0
Equipamento Gastronómico > Línea de Calor > Maquinas para Barquillos;https://www.efe.com.pe/equipamiento-gastronomico/linea-de-calor/maquinas-para-barquillos.html;Ventus: 2/10 | Severin: 1/10;3;47;source_exhausted;1;"{""Fewer than 3 source photographs"": 1}";0;0;0
Equipamento Gastronómico > Línea de Calor > Otros;https://www.efe.com.pe/equipamiento-gastronomico/linea-de-calor/otros.html;Alfano: 5/10 | Ventus: 1/10;3;44;source_exhausted;1;"{""Fewer than 3 source photographs"": 3}";0;1;0
Equipamento Gastronómico > Línea de Calor > Paninis Grill;https://www.efe.com.pe/equipamiento-gastronomico/linea-de-calor/paninis-grill.html;Imaco: 9/10 | Bossko: 2/10 | Ventus: 2/10 | Coldex: 1/10 | Finezza: 1/10;0;35;source_exhausted;1;"{""Fewer than 3 source photographs"": 3}";0;8;0
Equipamento Gastronómico > Línea de Calor > Planchas Freidoras;https://www.efe.com.pe/equipamiento-gastronomico/linea-de-calor/planchas-freidoras.html;Ilumi: 5/10 | Imaco: 2/10 | Ventus: 2/10 | Alfano: 1/10 | Grondoy: 1/10;0;39;source_exhausted;1;"{""Fewer than 3 distinct downloadable photographs"": 1}";0;7;0
Equipamento Gastronómico > Línea de Calor > Wafleras Eléctricas;https://www.efe.com.pe/equipamiento-gastronomico/linea-de-calor/wafleras-electricas.html;Finezza: 6/10 | Severin: 5/10 | Bossko: 3/10 | Grondoy: 2/10 | Oster: 2/10;0;32;source_exhausted;3;"{""Fewer than 3 source photographs"": 7, ""Fewer than 3 distinct downloadable photographs"": 1}";0;15;0
Equipamento Gastronómico > Línea de Frío > Acerados;https://www.efe.com.pe/equipamiento-gastronomico/linea-de-frio/acerados.html;Ilumi: 10/10 | Ventus: 7/10;3;33;source_exhausted;1;{};0;1;0
Equipamento Gastronómico > Línea de Frío > Congeladoras;https://www.efe.com.pe/equipamiento-gastronomico/linea-de-frio/congeladoras.html;Ilumi: 10/10 | Ventus: 10/10 | Indurama: 7/10 | Electrolux: 6/10 | Mabe: 6/10;0;11;source_exhausted;7;"{""Fewer than 3 source photographs"": 35}";4;4;0
Equipamento Gastronómico > Línea de Frío > Cremoladeras;https://www.efe.com.pe/equipamiento-gastronomico/linea-de-frio/cremoladeras.html;Grondoy: 10/10 | Ilumi: 4/10 | Ventus: 3/10;2;33;source_exhausted;1;"{""Fewer than 3 source photographs"": 3}";0;11;0
Equipamento Gastronómico > Línea de Frío > Dispensadores de Agua;https://www.efe.com.pe/equipamiento-gastronomico/linea-de-frio/dispensadores-de-agua.html;Oster: 7/10 | Electrolux: 4/10 | Ilumi: 2/10 | Ventus: 2/10 | Genérico: 1/10;0;34;source_exhausted;1;"{""Fewer than 3 source photographs"": 1, ""Fewer than 3 distinct downloadable photographs"": 1}";0;13;0
Equipamento Gastronómico > Línea de Frío > Dispensadores de Jugos;https://www.efe.com.pe/equipamiento-gastronomico/linea-de-frio/dispensadores-de-jugos.html;Ventus: 1/10;4;49;source_exhausted;1;{};0;0;0
Equipamento Gastronómico > Línea de Frío > Exhibidoras;https://www.efe.com.pe/equipamiento-gastronomico/linea-de-frio/exhibidoras.html;Ventus: 2/10;4;48;source_exhausted;1;{};0;0;0
Equipamento Gastronómico > Línea de Frío > Maquinas de Helados;https://www.efe.com.pe/equipamiento-gastronomico/linea-de-frio/maquinas-de-helados.html;Ilumi: 8/10 | Ventus: 3/10;3;39;source_exhausted;1;"{""Fewer than 3 source photographs"": 2}";0;3;0
Equipamento Gastronómico > Línea de Frío > Otros;https://www.efe.com.pe/equipamiento-gastronomico/linea-de-frio/otros.html;Ilumi: 5/10 | Alfano: 1/10;3;44;source_exhausted;1;{};0;0;0
Equipamento Gastronómico > Línea de Frío > Visicoolers;https://www.efe.com.pe/equipamiento-gastronomico/linea-de-frio/visicoolers.html;Ilumi: 10/10 | Ventus: 10/10 | Coldex: 3/10;2;27;source_exhausted;3;"{""Fewer than 3 source photographs"": 4}";1;1;0
Equipamento Gastronómico > Línea de Frío > Vitrinas Exhibidoras;https://www.efe.com.pe/equipamiento-gastronomico/linea-de-frio/vitrinas-exhibidoras.html;Ilumi: 10/10 | Ventus: 4/10 | Alfano: 3/10 | Coldex: 3/10 | Oster: 2/10;0;28;source_exhausted;3;"{""Fewer than 3 source photographs"": 2}";2;0;0
Estilo de vida > Deporte y vida sana > Accesorios de deporte;https://www.efe.com.pe/estilo-de-vida/deporte-y-vida-sana/accesorios-de-deporte.html;K6: 10/10 | BKS: 4/10 | Fit Plus: 1/10 | Genérico: 1/10 | National Geographic: 1/10;0;33;source_exhausted;4;"{""Fewer than 3 source photographs"": 37}";0;0;0
Estilo de vida > Deporte y vida sana > Bicicletas;https://www.efe.com.pe/estilo-de-vida/deporte-y-vida-sana/bicicletas.html;Monark: 10/10 | BKS: 8/10 | Monarette: 8/10 | Genérico: 3/10 | Protuner: 3/10;0;18;source_exhausted;5;"{""Fewer than 3 source photographs"": 35}";0;18;0
Estilo de vida > Deporte y vida sana > Motos;https://www.efe.com.pe/estilo-de-vida/deporte-y-vida-sana/motos.html;Bajaj: 2/10 | Zongshen: 1/10;3;47;source_exhausted;3;"{""Fewer than 3 source photographs"": 26}";0;0;0
Estilo de vida > Deporte y vida sana > Máquinas y gimnasio;https://www.efe.com.pe/estilo-de-vida/deporte-y-vida-sana/maquinas-y-gimnasio.html;K6: 10/10 | Sport Fitness: 3/10;3;37;source_exhausted;3;"{""Fewer than 3 source photographs"": 20}";0;0;0
Estilo de vida > Deporte y vida sana > Ropa deportiva;https://www.efe.com.pe/estilo-de-vida/deporte-y-vida-sana/ropa-deportiva.html;Elite Bags: 3/10 | Juvad: 3/10 | Samsonite: 3/10;2;41;source_exhausted;9;"{""Fewer than 3 source photographs"": 167}";0;3;0
Estilo de vida > Divertido > Audio y karaoke;https://www.efe.com.pe/estilo-de-vida/divertido/audio-y-karaoke.html;LG: 4/10 | ArgomTech: 3/10 | Genérico: 3/10 | Logitech: 2/10 | Sudio: 2/10;0;36;source_exhausted;3;"{""No published price in PEN"": 1, ""Fewer than 3 source photographs"": 19}";1;0;0
Estilo de vida > Divertido > Bicicletas;https://www.efe.com.pe/estilo-de-vida/divertido/bicicletas.html;Monark: 10/10 | Monarette: 8/10 | Genérico: 3/10 | Protuner: 3/10 | Cross: 1/10;0;25;source_exhausted;3;"{""Fewer than 3 source photographs"": 6}";0;18;0
Estilo de vida > Divertido > Cocina divertida;https://www.efe.com.pe/estilo-de-vida/divertido/cocina-divertida.html;Ventus: 4/10 | Blanik: 3/10 | Genérico: 3/10 | Bosch: 2/10 | Severin: 2/10;0;36;source_exhausted;3;"{""Fewer than 3 source photographs"": 13, ""Fewer than 3 distinct downloadable photographs"": 1}";0;0;0
Estilo de vida > Divertido > Instrumentos musicales;https://www.efe.com.pe/estilo-de-vida/divertido/instrumentos-musicales.html;;5;50;source_exhausted;1;"{""Fewer than 3 source photographs"": 10}";0;0;0
Estilo de vida > Divertido > Juegos de exteriores;https://www.efe.com.pe/estilo-de-vida/divertido/juegos-de-exteriores.html;Bestway: 10/10 | Genérico: 5/10 | BKS: 1/10;2;34;source_exhausted;3;"{""Fewer than 3 source photographs"": 2}";0;0;0
Estilo de vida > Divertido > Juegos de mesa;https://www.efe.com.pe/estilo-de-vida/divertido/juegos-de-mesa.html;;5;50;source_exhausted;1;"{""Fewer than 3 source photographs"": 2}";0;0;0
Estilo de vida > Divertido > Parrillas cilindros y cajas chinas;https://www.efe.com.pe/estilo-de-vida/divertido/parrillas-cilindros-y-cajas-chinas.html;La Carbonera Grill: 10/10 | Mr Grill: 10/10 | Meat Master: 5/10 | Thomas: 2/10 | Masterpro: 1/10;0;22;source_exhausted;4;"{""Fewer than 3 source photographs"": 11}";0;2;0
Estilo de vida > Divertido > Piscinas y flotadores;https://www.efe.com.pe/estilo-de-vida/divertido/piscinas-y-flotadores.html;Bestway: 10/10 | National Geographic: 1/10;3;39;source_exhausted;5;"{""Fewer than 3 source photographs"": 3}";0;0;0
Estilo de vida > Gamer > Accesorios gaming;https://www.efe.com.pe/estilo-de-vida/gamer/accesorios-gaming.html;Genérico: 10/10 | Logitech: 10/10 | Netcom: 10/10 | Usams: 10/10 | Trautech: 6/10;0;4;source_exhausted;17;"{""Fewer than 3 source photographs"": 30}";0;0;0
Estilo de vida > Gamer > Consolas;https://www.efe.com.pe/estilo-de-vida/gamer/consolas.html;Nintendo: 10/10 | Sony: 2/10;3;38;source_exhausted;9;"{""Fewer than 3 source photographs"": 84}";0;0;0
Estilo de vida > Gamer > Laptops gamer;https://www.efe.com.pe/estilo-de-vida/gamer/laptops-gamer.html;Lenovo: 10/10 | Asus: 6/10 | HP: 3/10;2;31;source_exhausted;1;{};0;0;0
Estilo de vida > Gamer > Mandos;https://www.efe.com.pe/estilo-de-vida/gamer/mandos.html;Logitech: 8/10 | Sony: 8/10 | Nintendo: 7/10 | PowerA: 5/10 | Hori: 3/10;0;19;source_exhausted;5;"{""Fewer than 3 source photographs"": 38}";0;0;0
Estilo de vida > Gamer > Monitores gamer;https://www.efe.com.pe/estilo-de-vida/gamer/monitores-gamer.html;Teros: 4/10 | Bowmann: 2/10 | Xiaomi: 2/10 | MSI: 1/10;1;41;source_exhausted;1;"{""Brand not published"": 1, ""Fewer than 3 source photographs"": 9}";0;2;0
Estilo de vida > Gamer > Mouse y mousepad gamer;https://www.efe.com.pe/estilo-de-vida/gamer/mouse-y-mousepad-gamer.html;Logitech: 10/10 | Logitech G: 10/10 | Razer: 10/10 | Redragon: 10/10 | Primus Gaming: 8/10;0;2;source_exhausted;13;"{""Fewer than 3 source photographs"": 40, ""Fewer than 3 distinct downloadable photographs"": 1}";0;9;0
Estilo de vida > Gamer > Sillas Gamer;https://www.efe.com.pe/estilo-de-vida/gamer/sillas-gamer.html;Kuzler: 10/10 | Dreizt: 8/10 | Lyzor: 6/10 | Antryx: 5/10 | CORSAIR: 3/10;0;18;source_exhausted;3;"{""No published price in PEN"": 2}";0;9;0
Estilo de vida > Gamer > Teclados gamer;https://www.efe.com.pe/estilo-de-vida/gamer/teclados-gamer.html;Logitech: 10/10 | Logitech G: 10/10 | Redragon: 10/10 | Royal Kludge: 10/10 | Razer: 7/10;0;3;source_exhausted;9;"{""Fewer than 3 source photographs"": 42}";0;0;0
Estilo de vida > Gamer > Videojuegos;https://www.efe.com.pe/estilo-de-vida/gamer/videojuegos.html;EA: 10/10 | Nintendo: 10/10 | Capcom: 5/10 | Playstation: 5/10 | Sony: 5/10;0;15;source_exhausted;15;"{""Fewer than 3 source photographs"": 198}";11;8;0
Estilo de vida > Hogareño > Cocina divertida;https://www.efe.com.pe/estilo-de-vida/hogare-o/cocina-divertida.html;Ventus: 7/10 | Oster: 6/10 | Genérico: 3/10 | Ilumi: 3/10 | Blanik: 2/10;0;29;source_exhausted;4;"{""Fewer than 3 source photographs"": 23, ""Fewer than 3 distinct downloadable photographs"": 1}";0;0;0
Estilo de vida > Hogareño > Cuidado de la ropa;https://www.efe.com.pe/estilo-de-vida/hogare-o/cuidado-de-la-ropa.html;Oster: 10/10 | Imaco: 7/10 | Thomas: 2/10 | Philips: 1/10 | Singer: 1/10;0;29;source_exhausted;4;"{""Fewer than 3 source photographs"": 35}";0;2;0
Estilo de vida > Hogareño > Decora tu espacio;https://www.efe.com.pe/estilo-de-vida/hogare-o/decora-tu-espacio.html;Genérico: 4/10 | TuHome: 2/10 | Ingenial: 1/10;2;43;source_exhausted;1;"{""Fewer than 3 source photographs"": 7}";0;4;0
Estilo de vida > Hogareño > Descanso perfecto;https://www.efe.com.pe/estilo-de-vida/hogare-o/descanso-perfecto.html;El Cisne: 10/10 | Forli: 10/10 | Paraíso: 10/10 | TuHome: 10/10 | Ebaby: 8/10;0;2;source_exhausted;32;"{""Fewer than 3 source photographs"": 13}";0;4;0
Estilo de vida > Hogareño > Limpieza del hogar;https://www.efe.com.pe/estilo-de-vida/hogare-o/limpieza-del-hogar.html;Diamond Bell: 1/10 | Genérico: 1/10;3;48;source_exhausted;1;{};0;0;0
Estilo de vida > Hogareño > Parrilla en familia;https://www.efe.com.pe/estilo-de-vida/hogare-o/parrilla-en-familia.html;La Carbonera Grill: 10/10 | Mr Grill: 10/10 | FDV: 4/10 | Thomas: 2/10 | Masterpro: 1/10;0;23;source_exhausted;3;"{""Fewer than 3 source photographs"": 6}";0;1;0
Estilo de vida > Hogareño > Refrigeración;https://www.efe.com.pe/estilo-de-vida/hogare-o/refrigeracion.html;Mabe: 10/10 | Samsung: 10/10 | Bord: 7/10 | Indurama: 6/10 | Electrolux: 3/10;0;14;source_exhausted;3;{};0;0;0
Estilo de vida > Hogareño > Renueva tu cocina;https://www.efe.com.pe/estilo-de-vida/hogare-o/renueva-tu-cocina.html;Indurama: 10/10 | LG: 10/10 | Mabe: 10/10 | Sole: 10/10 | S-Collection: 8/10;0;2;source_exhausted;9;"{""Fewer than 3 source photographs"": 52}";0;1;0
Estilo de vida > Tecnológico > Casa Inteligente;https://www.efe.com.pe/estilo-de-vida/tecnologico/casa-inteligente.html;Tuya: 4/10 | Facebook: 2/10 | Genérico: 2/10 | Opalux: 2/10 | TP-Link: 2/10;0;38;source_exhausted;3;"{""Fewer than 3 source photographs"": 22, ""No published price in PEN"": 1}";0;4;0
Estilo de vida > Tecnológico > Drones;https://www.efe.com.pe/estilo-de-vida/tecnologico/drones.html;DJI: 7/10;4;43;source_exhausted;1;{};0;0;0
Estilo de vida > Tecnológico > Gadgets;https://www.efe.com.pe/estilo-de-vida/tecnologico/gadgets.html;Genérico: 10/10 | Netcom: 10/10 | Usams: 10/10 | Trautech: 6/10 | ArgomTech: 5/10;0;9;source_exhausted;15;"{""Fewer than 3 source photographs"": 25}";0;0;0
Estilo de vida > Tecnológico > Power bank y accesorios;https://www.efe.com.pe/estilo-de-vida/tecnologico/power-bank-y-accesorios.html;OEM: 10/10 | Remax: 10/10 | Tashine: 10/10 | Ugreen: 10/10 | Xiaomi: 10/10;0;0;complete;7;"{""Fewer than 3 source photographs"": 9}";1;25;0
Estilo de vida > Tecnológico > Smartphones;https://www.efe.com.pe/estilo-de-vida/tecnologico/smartphones.html;Apple: 10/10 | Honor: 10/10 | Motorola: 10/10 | Samsung: 10/10 | Xiaomi: 10/10;0;0;complete;8;"{""Fewer than 3 distinct downloadable photographs"": 1, ""Fewer than 3 source photographs"": 1}";1;5;0
Estilo de vida > Tecnológico > Smartwatch & wearables;https://www.efe.com.pe/estilo-de-vida/tecnologico/smartwatch-wearables.html;Genérico: 10/10 | ArgomTech: 6/10 | Xiaomi: 3/10 | Leotec: 2/10 | Apple: 1/10;0;28;source_exhausted;4;"{""Fewer than 3 source photographs"": 21}";0;2;0
Estilo de vida > Tecnológico > Tablets;https://www.efe.com.pe/estilo-de-vida/tecnologico/tablets.html;Lenovo: 10/10 | Blackview: 8/10 | Samsung: 7/10 | Xiaomi: 6/10 | Hijion Perú: 3/10;0;16;source_exhausted;3;{};0;3;0
Estilo de vida > Trabajo y estudio en casa > All in one;https://www.efe.com.pe/estilo-de-vida/trabajo-y-estudio-en-casa/all-in-one.html;Lenovo: 3/10 | Genérico: 2/10 | HP: 2/10 | Asus: 1/10;1;42;source_exhausted;1;"{""Brand not published"": 1, ""Fewer than 3 source photographs"": 2}";0;1;0
Estilo de vida > Trabajo y estudio en casa > Escritorios;https://www.efe.com.pe/estilo-de-vida/trabajo-y-estudio-en-casa/escritorios.html;TuHome: 10/10 | 2020 Home Perú: 4/10 | G-ergonomic: 4/10 | Merci Hogar: 4/10 | Dreizt: 2/10;0;26;source_exhausted;4;{};0;4;0
Estilo de vida > Trabajo y estudio en casa > Estantes y libreros;https://www.efe.com.pe/estilo-de-vida/trabajo-y-estudio-en-casa/estantes-y-libreros.html;TuHome: 10/10 | Casabella: 1/10;3;39;source_exhausted;7;"{""Fewer than 3 source photographs"": 1}";0;0;0
Estilo de vida > Trabajo y estudio en casa > Impresoras y multifuncionales;https://www.efe.com.pe/estilo-de-vida/trabajo-y-estudio-en-casa/impresoras-y-multifuncionales.html;Epson: 10/10 | HP: 10/10 | Brother: 6/10 | 3nstar: 4/10 | Bambulab: 3/10;0;17;source_exhausted;4;"{""Fewer than 3 source photographs"": 7}";1;2;0
Estilo de vida > Trabajo y estudio en casa > Laptops;https://www.efe.com.pe/estilo-de-vida/trabajo-y-estudio-en-casa/laptops.html;Asus: 10/10 | HP: 10/10 | Lenovo: 10/10 | Acer: 2/10 | Dell: 2/10;0;16;source_exhausted;5;"{""Brand not published"": 1}";0;0;0
Estilo de vida > Trabajo y estudio en casa > Routers y repetidores;https://www.efe.com.pe/estilo-de-vida/trabajo-y-estudio-en-casa/routers-y-repetidores.html;Starlink: 1/10 | TP-Link: 1/10 | Xiaomi: 1/10;2;47;source_exhausted;3;"{""Fewer than 3 source photographs"": 35}";0;0;0
Estilo de vida > Trabajo y estudio en casa > Sillas de escritorio;https://www.efe.com.pe/estilo-de-vida/trabajo-y-estudio-en-casa/sillas-de-escritorio.html;Buckingham: 9/10 | G-ergonomic: 9/10 | Genérico: 5/10 | Komsum: 3/10 | Blazze: 2/10;0;22;source_exhausted;4;"{""No published price in PEN"": 2, ""Fewer than 3 source photographs"": 32}";1;2;0
Estilo de vida > Trabajo y estudio en casa > Tablets;https://www.efe.com.pe/estilo-de-vida/trabajo-y-estudio-en-casa/tablets.html;Lenovo: 10/10 | Blackview: 8/10 | Samsung: 7/10 | Xiaomi: 5/10 | Usams: 4/10;0;16;source_exhausted;3;{};0;3;0
Estilo de vida > Trabajo y estudio en casa > Útiles escolares y de oficina;https://www.efe.com.pe/estilo-de-vida/trabajo-y-estudio-en-casa/utiles-escolares-y-de-oficina.html;Leotec: 2/10 | OEM: 2/10 | Genérico: 1/10 | Tolsen: 1/10;1;44;source_exhausted;1;"{""Fewer than 3 source photographs"": 3}";0;0;0
Estilo de vida > Viajero > Audífonos;https://www.efe.com.pe/estilo-de-vida/viajero/audifonos.html;JBL: 10/10 | Lenovo: 10/10 | Logitech G: 10/10 | Skullcandy: 10/10 | Sudio: 10/10;0;0;complete;9;"{""Fewer than 3 source photographs"": 40, ""No published price in PEN"": 1}";0;16;0
Estilo de vida > Viajero > Camping;https://www.efe.com.pe/estilo-de-vida/viajero/camping.html;Bestway: 10/10 | National Geographic: 10/10 | Genérico: 7/10 | Cafini: 1/10 | Diamond Bell: 1/10;0;21;source_exhausted;7;"{""Fewer than 3 source photographs"": 27}";0;3;0
Estilo de vida > Viajero > Cargadores y accesorios;https://www.efe.com.pe/estilo-de-vida/viajero/cargadores-y-accesorios.html;Beston: 10/10 | Genérico: 10/10 | Samsung: 10/10 | Ugreen: 10/10 | Xiaomi: 10/10;0;0;complete;6;"{""Fewer than 3 source photographs"": 15}";0;0;0
Estilo de vida > Viajero > Drones;https://www.efe.com.pe/estilo-de-vida/viajero/drones.html;DJI: 4/10 | GoPro: 1/10;3;45;source_exhausted;1;{};0;0;0
Estilo de vida > Viajero > Fotografía y video;https://www.efe.com.pe/estilo-de-vida/viajero/fotografia-y-video.html;GoPro: 5/10 | Apple: 1/10 | Fujifilm: 1/10 | Motowolf: 1/10 | Nexxt: 1/10;0;41;source_exhausted;1;"{""Fewer than 3 source photographs"": 10}";0;1;0
Estilo de vida > Viajero > Maletería y accesorios;https://www.efe.com.pe/estilo-de-vida/viajero/maleteria-y-accesorios.html;Xtrem: 10/10 | National Geographic: 3/10 | Samsonite: 2/10 | American Tourister: 1/10 | Genérico: 1/10;0;33;source_exhausted;1;"{""Fewer than 3 source photographs"": 2}";0;0;0
Estilo de vida > Viajero > Parlantes bluetooth;https://www.efe.com.pe/estilo-de-vida/viajero/parlantes-bluetooth.html;ArgomTech: 10/10 | Halion: 10/10 | Havit: 10/10 | JBL: 10/10 | LG: 10/10;0;0;complete;17;"{""Fewer than 3 source photographs"": 25}";0;7;0
Estilo de vida > Viajero > Tablets y kindle;https://www.efe.com.pe/estilo-de-vida/viajero/tablets-y-kindle.html;Blackview: 8/10 | Lenovo: 8/10 | Xiaomi: 4/10 | Amazon: 3/10 | Hijion Perú: 3/10;0;24;source_exhausted;3;"{""Fewer than 3 source photographs"": 1}";0;4;0
Farmacia > Adultos Mayores > Pañales y Protectores;https://www.efe.com.pe/farmacia/adultos-mayores/panales-y-protectores.html;;5;50;source_exhausted;4;"{""Fewer than 3 source photographs"": 62, ""Fewer than 3 distinct downloadable photographs"": 1}";0;0;0
Farmacia > Botiquín en Casa > Antibiótico y Antiséptico;https://www.efe.com.pe/farmacia/botiquin-en-casa/antibiotico-y-antiseptico.html;Nexcare: 2/10 | Genérico: 1/10;3;47;source_exhausted;3;"{""Fewer than 3 source photographs"": 35}";0;3;0
Farmacia > Botiquín en Casa > Repelente;https://www.efe.com.pe/farmacia/botiquin-en-casa/repelente.html;La Cooper: 10/10;4;40;source_exhausted;1;"{""Fewer than 3 source photographs"": 5, ""Fewer than 3 distinct downloadable photographs"": 1}";0;10;0
Farmacia > Galénicos > Alcohol;https://www.efe.com.pe/farmacia/galenicos/alcohol.html;Genérico: 2/10;4;48;source_exhausted;1;"{""Fewer than 3 source photographs"": 11}";0;2;0
Hogar > Baño > Accesorios de baño;https://www.efe.com.pe/hogar/ba-o/accesorios-de-ba-o.html;Genérico: 6/10 | Fenix Import Peru: 4/10 | Fenix Import: 3/10 | TuHome: 2/10 | Fondital: 1/10;0;34;source_exhausted;3;"{""Fewer than 3 source photographs"": 24, ""Fewer than 3 distinct downloadable photographs"": 1, ""No published price in PEN"": 1}";0;5;0
Hogar > Baño > Tendederos;https://www.efe.com.pe/hogar/ba-o/tendederos.html;Fondital: 3/10;4;47;source_exhausted;1;"{""Fewer than 3 source photographs"": 1}";0;0;0
Hogar > Baño > Toallas;https://www.efe.com.pe/hogar/ba-o/toallas.html;National Geographic: 1/10;4;49;source_exhausted;9;"{""No published price in PEN"": 1, ""Fewer than 3 source photographs"": 178}";0;0;0
Hogar > Cocina > Juegos de ollas;https://www.efe.com.pe/hogar/cocina/juegos-de-ollas.html;Facusa: 10/10 | Finezza: 10/10 | Oster: 10/10 | Record: 10/10 | Tramontina: 10/10;0;0;complete;11;"{""Fewer than 3 source photographs"": 78, ""No published price in PEN"": 3, ""Fewer than 3 distinct downloadable photographs"": 6}";0;27;0
Hogar > Cocina > Lavaderos;https://www.efe.com.pe/hogar/cocina/lavaderos.html;Record: 10/10 | FDV: 6/10 | Sole: 1/10;2;33;source_exhausted;1;"{""Fewer than 3 source photographs"": 1}";5;0;0
Hogar > Cocina > Sartenes y woks;https://www.efe.com.pe/hogar/cocina/sartenes-y-woks.html;Record: 10/10 | Tramontina: 10/10 | Victoria: 10/10 | Facusa: 8/10 | Grillcorp: 8/10;0;4;source_exhausted;16;"{""Fewer than 3 source photographs"": 145, ""Fewer than 3 distinct downloadable photographs"": 3}";0;37;0
Hogar > Cocina > Termos y teteras;https://www.efe.com.pe/hogar/cocina/termos-y-teteras.html;Facusa: 10/10 | Genérico: 10/10 | Germ: 10/10 | Tramontina: 6/10 | Maillon: 5/10;0;9;source_exhausted;8;"{""Fewer than 3 source photographs"": 60, ""No published price in PEN"": 2, ""Fewer than 3 distinct downloadable photographs"": 3}";0;29;0
Hogar > Cocina > Utensilios de cocina;https://www.efe.com.pe/hogar/cocina/utensilios-de-cocina.html;Fill: 10/10 | Fix: 10/10 | Genérico: 10/10 | Tramontina: 10/10 | Finezza: 9/10;0;1;source_exhausted;19;"{""Fewer than 3 source photographs"": 106, ""Fewer than 3 distinct downloadable photographs"": 12, ""No published price in PEN"": 2}";0;9;0
Hogar > Decoración > Adornos y Otros;https://www.efe.com.pe/catalog/category/view/s/adornos-y-otros/id/6362/;Arteza: 10/10 | Genérico: 10/10 | Jpsystems: 10/10 | Kiseki Studio: 10/10 | OEM: 10/10;0;0;complete;16;"{""Fewer than 3 distinct downloadable photographs"": 14, ""Fewer than 3 source photographs"": 53, ""No published price in PEN"": 4}";0;50;0
Hogar > Decoración > Alfombras;https://www.efe.com.pe/hogar/decoracion/alfombras.html;;5;50;source_exhausted;1;"{""No published price in PEN"": 3}";0;0;0
Hogar > Decoración > Cojines;https://www.efe.com.pe/hogar/decoracion/cojines.html;;5;50;source_exhausted;1;{};0;0;0
Hogar > Decoración > Espejos;https://www.efe.com.pe/hogar/decoracion/espejos.html;TuHome: 10/10 | Movenda Muebles: 8/10 | Genérico: 2/10;2;30;source_exhausted;4;"{""Fewer than 3 source photographs"": 2}";0;10;0
Hogar > Decoración > Iluminación;https://www.efe.com.pe/hogar/decoracion/iluminacion.html;Genérico: 10/10 | Opalux: 5/10 | Dashilux: 2/10 | ArgomTech: 1/10 | Cafini: 1/10;0;31;source_exhausted;3;"{""Fewer than 3 distinct downloadable photographs"": 1, ""Fewer than 3 source photographs"": 1}";0;1;0
Hogar > Decoración > Vinilos;https://www.efe.com.pe/hogar/decoracion/vinilos.html;;5;50;source_exhausted;1;{};0;0;0
Hogar > Grill > Accesorios de parrilla;https://www.efe.com.pe/hogar/grill/accesorios-de-parrilla.html;THE GRILL SHOP: 6/10 | Bossney: 4/10 | Grillcorp: 4/10 | Victoria: 3/10 | Genérico: 2/10;0;31;source_exhausted;3;"{""Fewer than 3 source photographs"": 16}";0;17;0
Hogar > Grill > Cajas chinas;https://www.efe.com.pe/hogar/grill/cajas-chinas.html;Grillcorp: 10/10 | Meat Master: 10/10 | Mr Grill: 10/10 | THE GRILL SHOP: 10/10;1;10;source_exhausted;5;{};0;20;0
Hogar > Grill > Cilindros;https://www.efe.com.pe/hogar/grill/cilindros.html;Grillcorp: 10/10 | Meat Master: 4/10 | THE GRILL SHOP: 4/10 | Mr Grill: 3/10 | Mr. Grill: 1/10;0;28;source_exhausted;4;"{""Fewer than 3 source photographs"": 11}";0;14;0
Hogar > Grill > Grill;https://www.efe.com.pe/hogar/grill/grill.html;Mr Grill: 10/10 | Merci Hogar: 4/10 | FDV: 3/10 | Mr. Grill: 1/10 | Simple Cook: 1/10;0;31;source_exhausted;3;"{""Fewer than 3 source photographs"": 10}";4;4;0
Hogar > Grill > Kamados;https://www.efe.com.pe/hogar/grill/kamados.html;BlackF: 1/10 | FDV: 1/10;3;48;source_exhausted;1;{};0;1;0
Hogar > Grill > Parrillas;https://www.efe.com.pe/hogar/grill/parrillas.html;Grillcorp: 10/10 | Mr Grill: 10/10 | THE GRILL SHOP: 10/10 | Meat Master: 5/10 | FDV: 3/10;0;12;source_exhausted;6;"{""Fewer than 3 source photographs"": 20, ""Fewer than 3 distinct downloadable photographs"": 1}";0;21;0
Hogar > Maletería y Viajes > Maleta de cabina;https://www.efe.com.pe/hogar/maleteria-y-viajes/maleta-de-cabina.html;Dukap: 10/10 | InUSA: 10/10 | Marca Generica: 10/10 | Victorinox: 10/10 | Fossil: 2/10;0;8;source_exhausted;5;"{""Fewer than 3 source photographs"": 7}";0;42;0
Hogar > Maletería y Viajes > Maleta de viaje;https://www.efe.com.pe/hogar/maleteria-y-viajes/maleta-de-viaje.html;Samsonite: 2/10 | Genérico: 1/10;3;47;source_exhausted;1;{};0;0;0
Hogar > Maletería y Viajes > Mochilas outdoors;https://www.efe.com.pe/hogar/maleteria-y-viajes/mochilas-outdoors.html;National Geographic: 10/10 | Genérico: 4/10 | Samsonite: 3/10 | Targus: 3/10 | Weixier: 3/10;0;27;source_exhausted;5;"{""Fewer than 3 source photographs"": 15, ""Fewer than 3 distinct downloadable photographs"": 1}";1;9;0
Hogar > Menaje > Accesorios de mesa;https://www.efe.com.pe/hogar/menaje/accesorios-de-mesa.html;Genérico: 5/10 | Facusa: 1/10 | Importado: 1/10 | Record: 1/10 | Tashine: 1/10;0;41;source_exhausted;1;"{""Fewer than 3 source photographs"": 9, ""No published price in PEN"": 1}";0;7;0
Hogar > Menaje > Cubiertos;https://www.efe.com.pe/hogar/menaje/cubiertos.html;Ecovessel: 10/10 | FERRAND: 10/10 | Genérico: 10/10 | Germ: 10/10 | Tramontina: 10/10;0;0;complete;12;"{""Fewer than 3 source photographs"": 90, ""No published price in PEN"": 13, ""Fewer than 3 distinct downloadable photographs"": 3}";0;41;0
Hogar > Menaje > Menaje de cocina;https://www.efe.com.pe/hogar/menaje/menaje-de-cocina.html;Tramontina: 8/10 | Cuisinart: 7/10 | Facusa: 7/10 | Record: 7/10 | Oster: 6/10;0;15;source_exhausted;4;"{""Fewer than 3 source photographs"": 13}";0;0;0
Hogar > Menaje > Organizadores y contenedores;https://www.efe.com.pe/hogar/menaje/organizadores-y-contenedores.html;Genérico: 10/10 | Tramontina: 2/10 | Belessi: 1/10;2;37;source_exhausted;1;"{""Fewer than 3 source photographs"": 8}";0;12;0
Hogar > Menaje > Vajillas;https://www.efe.com.pe/hogar/menaje/vajillas.html;Genérico: 9/10 | Bord: 4/10 | Corelle: 3/10 | Belia: 2/10 | Importado: 2/10;0;30;source_exhausted;3;"{""Fewer than 3 source photographs"": 17}";0;20;0
Hogar > Menaje > Vasos y copas;https://www.efe.com.pe/hogar/menaje/vasos-y-copas.html;FERRAND: 10/10 | Ecovessel: 7/10 | Genérico: 3/10 | Importado: 2/10 | Belia: 1/10;0;27;source_exhausted;3;"{""Fewer than 3 source photographs"": 8, ""Fewer than 3 distinct downloadable photographs"": 2}";0;23;0
Hogar > Menaje de cocina;https://www.efe.com.pe/hogar/menaje-de-cocina.html;Coldex: 1/10 | Tramontina: 1/10;3;48;source_exhausted;1;"{""Fewer than 3 source photographs"": 5}";0;1;0
Hogar > Organización > Cajas fuertes;https://www.efe.com.pe/catalog/category/view/s/cajas-fuertes/id/5999/;3nstar: 2/10;4;48;source_exhausted;1;{};0;0;0
Hogar > Organización > Canastas y Cestos;https://www.efe.com.pe/hogar/organizacion/canastas-y-cestos.html;Genérico: 10/10 | Importado: 2/10;3;38;source_exhausted;1;"{""Fewer than 3 source photographs"": 1}";0;12;0
Hogar > Organización > Gabinetes;https://www.efe.com.pe/hogar/organizacion/gabinetes.html;;5;50;source_exhausted;1;{};0;0;0
Hogar > Organización > Mesas auxiliares;https://www.efe.com.pe/hogar/organizacion/mesas-auxiliares.html;TuHome: 2/10 | Genérico: 1/10;3;47;source_exhausted;1;"{""Fewer than 3 source photographs"": 3}";0;1;0
Librería > Agendas y calendarios;https://www.efe.com.pe/libreria/agendas-y-calendarios.html;Casio: 10/10 | Ingenial: 10/10 | Rocketbook: 2/10 | Genérico: 1/10;1;27;source_exhausted;5;"{""Fewer than 3 distinct downloadable photographs"": 1, ""Fewer than 3 source photographs"": 1}";0;23;0
Librería > Libros > Actualidad;https://www.efe.com.pe/libreria/libros/actualidad.html;;5;50;source_exhausted;1;{};0;0;0
Librería > Libros > Autoayuda y Desarrollo Personal;https://www.efe.com.pe/libreria/libros/autoayuda-y-desarrollo-personal.html;;5;50;source_exhausted;1;"{""Fewer than 3 source photographs"": 1}";0;0;0
Librería > Libros > Clásicos;https://www.efe.com.pe/libreria/libros/clasicos.html;;5;50;source_exhausted;1;{};0;0;0
Librería > Libros > Liderazgo y Gestión;https://www.efe.com.pe/libreria/libros/liderazgo-y-gestion.html;;5;50;source_exhausted;1;{};0;0;0
Librería > Libros > Álbumes;https://www.efe.com.pe/libreria/libros/albumes.html;Editorial Berlin: 10/10 | Panini: 7/10 | Ingenial: 2/10;2;31;source_exhausted;9;"{""Fewer than 3 source photographs"": 36}";0;19;0
Librería > Útiles y Papelería > Artículos de Oficina;https://www.efe.com.pe/libreria/utiles-y-papeleria/articulos-de-oficina.html;Casio: 10/10 | Ingenial: 10/10 | Genérico: 9/10 | OEM: 9/10 | Truper: 6/10;0;6;source_exhausted;5;"{""Fewer than 3 distinct downloadable photographs"": 3, ""Fewer than 3 source photographs"": 16}";0;44;0
Librería > Útiles y Papelería > Artículos para Fiestas;https://www.efe.com.pe/libreria/utiles-y-papeleria/articulos-para-fiestas.html;Genérico: 2/10;4;48;source_exhausted;1;{};0;2;0
Librería > Útiles y Papelería > Cuadernos y Libretas;https://www.efe.com.pe/libreria/utiles-y-papeleria/cuadernos-y-libretas.html;Ingenial: 10/10 | Genérico: 2/10;3;38;source_exhausted;5;"{""Fewer than 3 source photographs"": 8}";0;12;0
Librería > Útiles y Papelería > Manualidades;https://www.efe.com.pe/libreria/utiles-y-papeleria/manualidades.html;Ingenial: 10/10 | Genérico: 1/10;3;39;source_exhausted;1;{};0;11;0
Librería > Útiles y Papelería > Papelería;https://www.efe.com.pe/libreria/utiles-y-papeleria/papeleria.html;Ingenial: 10/10 | Jpsystems: 10/10 | OEM: 10/10 | Genérico: 3/10;1;17;source_exhausted;6;"{""Fewer than 3 source photographs"": 3}";0;33;0
Librería > Útiles y Papelería > Útiles Escolares;https://www.efe.com.pe/libreria/utiles-y-papeleria/utiles-escolares.html;Genérico: 10/10 | Ingenial: 10/10 | Scool: 5/10 | Kiseki Studio: 2/10 | Seca: 1/10;0;22;source_exhausted;5;"{""Fewer than 3 source photographs"": 15}";0;28;0
Mascotas > Accesorios;https://www.efe.com.pe/mascotas/accesorios.html;Genérico: 10/10 | OEM: 5/10 | Cool Cat: 3/10 | Downy: 3/10 | Genéricos: 3/10;0;26;source_exhausted;6;"{""Fewer than 3 source photographs"": 40, ""No published price in PEN"": 4}";0;20;0
Mascotas > Alimentos > Comida perros;https://www.efe.com.pe/mascotas/alimentos/comida-perros.html;Petkit: 3/10 | Dog Chow: 2/10;3;45;source_exhausted;3;"{""Fewer than 3 source photographs"": 26}";0;5;0
Mascotas > Alimentos > Snacks y premios para gatos;https://www.efe.com.pe/mascotas/alimentos/snacks-y-premios-para-gatos.html;;5;50;source_exhausted;1;"{""Fewer than 3 source photographs"": 2}";0;0;0
Mascotas > Camas y Casas;https://www.efe.com.pe/mascotas/camas-y-casas.html;Cool Pets: 7/10;4;43;source_exhausted;1;{};0;0;0
Mascotas > Cuidado e Higiene;https://www.efe.com.pe/mascotas/cuidado-e-higiene.html;Bravecto: 10/10 | Nexgard: 9/10 | Genérico: 8/10 | PROTEGGO: 8/10 | RIVOLTA: 6/10;0;9;source_exhausted;6;"{""Fewer than 3 source photographs"": 48, ""Fewer than 3 distinct downloadable photographs"": 1}";0;39;0
Mascotas > Gatos > Antipulgas para gatos;https://www.efe.com.pe/mascotas/gatos/antipulgas-para-gatos.html;;5;50;source_exhausted;1;{};0;0;0
Mascotas > Gatos > Arena y areneros;https://www.efe.com.pe/mascotas/gatos/arena-y-areneros.html;Genéricos: 2/10 | BOOMER: 1/10 | Cool Cat: 1/10;2;46;source_exhausted;1;"{""No published price in PEN"": 3, ""Fewer than 3 source photographs"": 3}";0;3;0
Mascotas > Gatos > Camas para gatos;https://www.efe.com.pe/mascotas/gatos/camas-para-gatos.html;Genérico: 1/10;4;49;source_exhausted;1;{};0;1;0
Mascotas > Gatos > Comedero y bebedero;https://www.efe.com.pe/mascotas/gatos/comedero-y-bebedero.html;Genéricos: 6/10 | Petkit: 4/10 | Genérico: 3/10 | BOOMER: 1/10 | Miaosical: 1/10;0;35;source_exhausted;1;"{""No published price in PEN"": 5}";0;14;0
Mascotas > Gatos > Juguetes y entretención;https://www.efe.com.pe/mascotas/gatos/juguetes-y-entretencion.html;BOOMER: 10/10 | Genérico: 6/10;3;34;source_exhausted;3;{};0;16;0
Mascotas > Gatos > Otros productos de higiene gato;https://www.efe.com.pe/mascotas/gatos/otros-productos-de-higiene-gato.html;Basa: 3/10;4;47;source_exhausted;1;{};0;3;0
Mascotas > Gatos > Peluquería para gatos;https://www.efe.com.pe/mascotas/gatos/peluqueria-para-gatos.html;BOOMER: 1/10;4;49;source_exhausted;1;"{""Fewer than 3 distinct downloadable photographs"": 2}";0;1;0
Mascotas > Gatos > Rascadores;https://www.efe.com.pe/mascotas/gatos/rascadores.html;Genéricos: 5/10 | Genérico: 4/10 | BOOMER: 3/10;2;38;source_exhausted;1;{};0;12;0
Mascotas > Peces, tortugas y reptiles > Accesorios de acuarios;https://www.efe.com.pe/mascotas/peces-tortugas-y-reptiles/accesorios-de-acuarios.html;;5;50;source_exhausted;1;{};0;0;0
Mascotas > Peces, tortugas y reptiles > Acuarios y terrarios;https://www.efe.com.pe/mascotas/peces-tortugas-y-reptiles/acuarios-y-terrarios.html;;5;50;source_exhausted;1;{};0;0;0
Mascotas > Perros > Antipulgas para perros;https://www.efe.com.pe/mascotas/perros/antipulgas-para-perros.html;;5;50;source_exhausted;1;"{""Fewer than 3 source photographs"": 4, ""Fewer than 3 distinct downloadable photographs"": 1}";0;0;0
Mascotas > Perros > Arnés, collares y correas;https://www.efe.com.pe/mascotas/perros/arnes-collares-y-correas.html;;5;50;source_exhausted;1;{};0;0;0
Mascotas > Perros > Casas para perros;https://www.efe.com.pe/mascotas/perros/casas-para-perros.html;Movenda Muebles: 10/10 | Cool Pets: 7/10 | Genérico: 2/10;2;31;source_exhausted;1;"{""Fewer than 3 source photographs"": 1}";0;12;0
Mascotas > Perros > Jaula y transporte;https://www.efe.com.pe/mascotas/perros/jaula-y-transporte.html;;5;50;source_exhausted;1;{};0;0;0
Mascotas > Perros > Juguetes y entrenamiento;https://www.efe.com.pe/mascotas/perros/juguetes-y-entrenamiento.html;BOOMER: 10/10 | ERABAMBU: 1/10;3;39;source_exhausted;1;{};0;11;0
Mascotas > Perros > Peluquería canina;https://www.efe.com.pe/mascotas/perros/peluqueria-canina.html;Wahl: 3/10 | Genérico: 1/10 | Sanci: 1/10;2;45;source_exhausted;1;"{""Fewer than 3 source photographs"": 3, ""The read operation timed out"": 1, ""Fewer than 3 distinct downloadable photographs"": 2}";0;5;0
Mascotas > Perros > Platos, dispensadores y botellas;https://www.efe.com.pe/mascotas/perros/platos-dispensadores-y-botellas.html;Petkit: 4/10 | Genéricos: 2/10 | BOOMER: 1/10 | Genérico: 1/10 | Miaosical: 1/10;0;41;source_exhausted;1;"{""Fewer than 3 source photographs"": 2, ""No published price in PEN"": 1}";0;9;0
Mascotas > Perros > Ropa y accesorios;https://www.efe.com.pe/mascotas/perros/ropa-y-accesorios.html;Genérico: 6/10 | OEM: 1/10;3;43;source_exhausted;1;"{""No published price in PEN"": 3, ""Fewer than 3 source photographs"": 9}";0;7;0
Mascotas > Perros > Suplementos y vitaminas para perros;https://www.efe.com.pe/mascotas/perros/suplementos-y-vitaminas-para-perros.html;;5;50;source_exhausted;1;{};0;0;0
Mascotas > Roedores y aves > Accesorios para roedores;https://www.efe.com.pe/mascotas/roedores-y-aves/accesorios-para-roedores.html;;5;50;source_exhausted;1;{};0;0;0
Mascotas > Roedores y aves > Comedero de aves;https://www.efe.com.pe/mascotas/roedores-y-aves/comedero-de-aves.html;;5;50;source_exhausted;1;{};0;0;0
Mascotas > Roedores y aves > Jaulas;https://www.efe.com.pe/mascotas/roedores-y-aves/jaulas.html;;5;50;source_exhausted;1;{};0;0;0
Mascotas > Roedores y aves > Juguetes para roedores;https://www.efe.com.pe/mascotas/roedores-y-aves/juguetes-para-roedores.html;;5;50;source_exhausted;1;{};0;0;0
Mascotas > Roedores y aves > Otros artículos;https://www.efe.com.pe/mascotas/roedores-y-aves/otros-articulos.html;;5;50;source_exhausted;1;{};0;0;0
Mejoramiento del hogar > Automotriz > Accesorios;https://www.efe.com.pe/mejoramiento-del-hogar/automotriz/accesorios.html;Genérico: 10/10 | Caterpillar: 6/10 | Truper: 6/10 | Ugreen: 6/10 | Hoco: 5/10;0;17;source_exhausted;6;"{""Fewer than 3 source photographs"": 30}";0;12;0
Mejoramiento del hogar > Automotriz > Audio y video;https://www.efe.com.pe/mejoramiento-del-hogar/automotriz/audio-y-video.html;AZDOME: 10/10 | Aiwa: 10/10 | Pioneer: 8/10 | Genérico: 7/10 | CarlinKit: 2/10;0;13;source_exhausted;5;"{""Fewer than 3 source photographs"": 16, ""No published price in PEN"": 1}";0;21;0
Mejoramiento del hogar > Automotriz > Baterías;https://www.efe.com.pe/mejoramiento-del-hogar/automotriz/baterias.html;Genérico: 8/10 | OEM: 5/10 | Panasonic: 5/10 | Liqui Moly: 3/10 | Tashine: 3/10;0;26;source_exhausted;3;"{""Fewer than 3 source photographs"": 16}";0;24;0
Mejoramiento del hogar > Automotriz > Herramientas y equipos;https://www.efe.com.pe/mejoramiento-del-hogar/automotriz/herramientas-y-equipos.html;Tashine: 10/10 | Genérico: 9/10 | Berklin: 8/10 | B-Equip: 3/10 | Cafini: 2/10;0;18;source_exhausted;5;"{""Fewer than 3 source photographs"": 21, ""Fewer than 3 distinct downloadable photographs"": 2}";0;14;0
Mejoramiento del hogar > Automotriz > Limpieza para autos;https://www.efe.com.pe/mejoramiento-del-hogar/automotriz/limpieza-para-autos.html;Karcher: 10/10 | Ronix: 6/10 | Genérico: 4/10 | SCHUBERT: 3/10 | BLACK+DECKER: 1/10;0;26;source_exhausted;5;"{""Fewer than 3 source photographs"": 32}";0;24;0
Mejoramiento del hogar > Construcción > Herramientas de construcción;https://www.efe.com.pe/mejoramiento-del-hogar/construccion/herramientas-de-construccion.html;Berklin: 10/10 | Bosch: 10/10 | Genérico: 10/10 | Opalux: 10/10 | Tecnovea: 8/10;0;2;source_exhausted;9;"{""Fewer than 3 source photographs"": 24, ""No published price in PEN"": 1}";0;38;0
Mejoramiento del hogar > Construcción > Maderas y tableros;https://www.efe.com.pe/mejoramiento-del-hogar/construccion/maderas-y-tableros.html;Lenovo: 1/10;4;49;source_exhausted;1;{};0;0;0
Mejoramiento del hogar > Construcción > Materiales de construcción;https://www.efe.com.pe/mejoramiento-del-hogar/construccion/materiales-de-construccion.html;Genérico: 2/10;4;48;source_exhausted;1;{};0;0;0
Mejoramiento del hogar > Ferretería > Gasfitería;https://www.efe.com.pe/mejoramiento-del-hogar/ferreteria/gasfiteria.html;Berklin: 10/10 | Truper: 4/10 | FDV: 3/10 | Genérico: 3/10 | Hurricane: 2/10;0;28;source_exhausted;7;"{""Fewer than 3 distinct downloadable photographs"": 2, ""Fewer than 3 source photographs"": 61}";3;4;0
Mejoramiento del hogar > Ferretería > Iluminación;https://www.efe.com.pe/mejoramiento-del-hogar/ferreteria/iluminacion.html;Genérico: 10/10 | Opalux: 5/10 | Truper: 4/10 | Cafini: 3/10 | Energizer: 3/10;0;25;source_exhausted;4;"{""Fewer than 3 distinct downloadable photographs"": 2}";0;1;0
Mejoramiento del hogar > Ferretería > Jardinería;https://www.efe.com.pe/mejoramiento-del-hogar/ferreteria/jardineria.html;Genérico: 5/10 | Pretul: 2/10 | OEM: 1/10 | Tashine: 1/10;1;41;source_exhausted;1;"{""Fewer than 3 source photographs"": 12, ""Fewer than 3 distinct downloadable photographs"": 1}";0;9;0
Mejoramiento del hogar > Ferretería > Seguridad y EPPS;https://www.efe.com.pe/mejoramiento-del-hogar/ferreteria/seguridad-y-epps.html;Genérico: 10/10 | Opalux: 9/10 | Tashine: 9/10 | 3M: 3/10 | Cafini: 3/10;0;16;source_exhausted;4;"{""Fewer than 3 source photographs"": 4, ""No published price in PEN"": 1}";0;18;0
Mejoramiento del hogar > Herramientas eléctricas > Accesorios de Herramientas eléctricas;https://www.efe.com.pe/mejoramiento-del-hogar/herramientas-electricas/accesorios-de-herramientas-electricas.html;Genérico: 3/10 | Niwa: 3/10 | Berklin: 2/10 | Santofa: 2/10 | Truper: 2/10;0;38;source_exhausted;4;"{""Fewer than 3 source photographs"": 35}";3;0;0
Mejoramiento del hogar > Herramientas eléctricas > Amoladora y esmeriles;https://www.efe.com.pe/mejoramiento-del-hogar/herramientas-electricas/amoladora-y-esmeriles.html;Bosch: 10/10 | Ronix: 10/10 | BLACK+DECKER: 2/10 | Totaltools: 2/10 | INGCO: 1/10;0;25;source_exhausted;3;"{""Fewer than 3 source photographs"": 2}";0;25;0
Mejoramiento del hogar > Herramientas eléctricas > Atornilladores;https://www.efe.com.pe/mejoramiento-del-hogar/herramientas-electricas/atornilladores.html;Bosch: 3/10 | Totaltools: 2/10 | Genérico: 1/10 | INGCO: 1/10 | Ronix: 1/10;0;42;source_exhausted;1;"{""Fewer than 3 source photographs"": 2}";0;8;0
Mejoramiento del hogar > Herramientas eléctricas > Otras Herramientas eléctricas;https://www.efe.com.pe/mejoramiento-del-hogar/herramientas-electricas/otras-herramientas.html;Bosch: 10/10 | Genérico: 10/10 | Ronix: 10/10 | Santofa: 10/10 | Berklin: 9/10;0;1;source_exhausted;11;"{""Fewer than 3 source photographs"": 68, ""Fewer than 3 distinct downloadable photographs"": 3}";0;28;0
Mejoramiento del hogar > Herramientas eléctricas > Pulidoras y lijadoras;https://www.efe.com.pe/mejoramiento-del-hogar/herramientas-electricas/pulidoras-y-lijadoras.html;Bosch: 3/10 | Ronix: 3/10 | Stanley: 1/10;2;43;source_exhausted;1;{};0;7;0
Mejoramiento del hogar > Herramientas eléctricas > Rotomartillo y demoledores;https://www.efe.com.pe/mejoramiento-del-hogar/herramientas-electricas/rotomartillo-y-demoledores.html;Bosch: 10/10 | Ronix: 10/10 | INGCO: 4/10 | Genérico: 2/10;1;24;source_exhausted;3;"{""Fewer than 3 source photographs"": 1}";0;26;0
Mejoramiento del hogar > Herramientas eléctricas > Sierra circular;https://www.efe.com.pe/mejoramiento-del-hogar/herramientas-electricas/sierra-circular.html;Bosch: 10/10 | Ronix: 4/10 | BLACK+DECKER: 3/10 | INGCO: 1/10;1;32;source_exhausted;9;"{""Fewer than 3 source photographs"": 21}";0;18;0
Mejoramiento del hogar > Herramientas eléctricas > Soplador;https://www.efe.com.pe/mejoramiento-del-hogar/herramientas-electricas/soplador.html;Genérico: 1/10;4;49;source_exhausted;1;{};0;1;0
Mejoramiento del hogar > Herramientas eléctricas > Taladro;https://www.efe.com.pe/mejoramiento-del-hogar/herramientas-electricas/taladro.html;Bosch: 10/10 | Ronix: 7/10 | BLACK+DECKER: 4/10 | INGCO: 3/10 | Totaltools: 2/10;0;24;source_exhausted;4;"{""Fewer than 3 source photographs"": 12}";0;26;0
Mejoramiento del hogar > Herramientas eléctricas > Tronzadora;https://www.efe.com.pe/mejoramiento-del-hogar/herramientas-electricas/tronzadora.html;Bosch: 4/10 | Ronix: 3/10;3;43;source_exhausted;1;"{""Fewer than 3 source photographs"": 3}";0;7;0
Mejoramiento del hogar > Herramientas manuales > Alicates;https://www.efe.com.pe/mejoramiento-del-hogar/herramientas-manuales/alicates.html;;5;50;source_exhausted;1;{};0;0;0
Mejoramiento del hogar > Herramientas manuales > Desarmadores;https://www.efe.com.pe/mejoramiento-del-hogar/herramientas-manuales/desarmadores.html;Genérico: 1/10 | OEM: 1/10 | Pretul: 1/10 | Tashine: 1/10 | Total: 1/10;0;45;source_exhausted;1;"{""Fewer than 3 source photographs"": 5, ""Fewer than 3 distinct downloadable photographs"": 1}";0;4;0
Mejoramiento del hogar > Herramientas manuales > Herramientas de medición;https://www.efe.com.pe/mejoramiento-del-hogar/herramientas-manuales/herramientas-de-medicion.html;Kamasa: 1/10 | Pretul: 1/10 | Truper: 1/10;2;47;source_exhausted;1;{};0;0;0
Mejoramiento del hogar > Herramientas manuales > Martillos y masos;https://www.efe.com.pe/mejoramiento-del-hogar/herramientas-manuales/martillos-y-masos.html;Kamas: 1/10;4;49;source_exhausted;1;"{""Fewer than 3 source photographs"": 5}";0;1;0
Mejoramiento del hogar > Herramientas manuales > Otras Herramientas manuales;https://www.efe.com.pe/mejoramiento-del-hogar/herramientas-manuales/otras-herramientas-manuales.html;Truper: 10/10 | Genérico: 5/10 | Blitz: 1/10 | Opalux: 1/10 | Safari: 1/10;0;32;source_exhausted;3;"{""Fewer than 3 source photographs"": 9, ""Fewer than 3 distinct downloadable photographs"": 1, ""Brand not published"": 1}";0;1;0
Mejoramiento del hogar > Herramientas manuales > Set de herramientas;https://www.efe.com.pe/mejoramiento-del-hogar/herramientas-manuales/set-de-herramientas.html;Kamas: 7/10 | Pretul: 4/10 | Genérico: 3/10 | OEM: 2/10 | Truper: 2/10;0;32;source_exhausted;1;"{""Fewer than 3 source photographs"": 3, ""Fewer than 3 distinct downloadable photographs"": 1}";0;15;0
Mejoramiento del hogar > Pinturas y terminaciones > Escaleras;https://www.efe.com.pe/mejoramiento-del-hogar/pinturas-y-terminaciones/escaleras.html;Bronco American Ladder: 10/10 | Aladino: 3/10 | Genérico: 2/10 | Truper: 2/10 | Pretul: 1/10;0;32;source_exhausted;3;{};0;3;0
Moda Hombre > Accesorios > Billeteras y monederos;https://www.efe.com.pe/moda-hombre/accesorios/joyeria-de-mujer.html;Armuz: 10/10 | Victorinox: 10/10 | Fossil: 5/10 | Valencia: 2/10 | Artic Hunter: 1/10;0;22;source_exhausted;5;"{""Fewer than 3 source photographs"": 23, ""Fewer than 3 distinct downloadable photographs"": 3}";0;28;0
Moda Hombre > Accesorios > Correas y cinturones;https://www.efe.com.pe/moda-hombre/accesorios/correas-y-cinturones.html;Victorinox: 2/10;4;48;source_exhausted;1;"{""Fewer than 3 source photographs"": 2}";0;2;0
Moda Hombre > Accesorios > Joyería de hombre;https://www.efe.com.pe/moda-hombre/accesorios/joyeria-de-hombre.html;Genieka: 4/10 | Genérico: 1/10;3;45;source_exhausted;3;"{""Fewer than 3 source photographs"": 21, ""No published price in PEN"": 6}";0;5;0
Moda Hombre > Accesorios > Lentes;https://www.efe.com.pe/moda-hombre/accesorios/lentes.html;Ray Ban: 10/10 | CALVIN KLEIN: 7/10 | Guess: 5/10 | Adidas: 2/10 | Aerostar: 2/10;0;24;source_exhausted;7;"{""Fewer than 3 source photographs"": 23, ""Fewer than 3 distinct downloadable photographs"": 7}";0;26;0
Moda Hombre > Accesorios > Mochilas y morrales;https://www.efe.com.pe/moda-hombre/accesorios/mochilas-y-morrales.html;Artic Hunter: 10/10 | Genérico: 10/10 | Himawari: 10/10 | Teros: 10/10 | Victorinox: 10/10;0;0;complete;9;"{""Fewer than 3 source photographs"": 5, ""Fewer than 3 distinct downloadable photographs"": 1, ""No published price in PEN"": 1}";0;50;0
Moda Hombre > Accesorios > Otros;https://www.efe.com.pe/moda-hombre/accesorios/otros.html;Aerostar: 3/10 | Invicta: 3/10 | Marca Generica: 2/10 | Bullcaptian: 1/10 | Tashine: 1/10;0;40;source_exhausted;1;"{""No published price in PEN"": 2, ""Fewer than 3 source photographs"": 1}";0;10;0
Moda Hombre > Accesorios > Relojes;https://www.efe.com.pe/moda-hombre/accesorios/relojes.html;Casio: 10/10 | Fossil: 10/10 | Invicta: 10/10 | Perry Ellis: 10/10 | Skmei: 10/10;0;0;complete;13;"{""Fewer than 3 source photographs"": 28}";0;40;0
Moda Hombre > Calzado hombre > Zapatillas deportivas;https://www.efe.com.pe/moda-hombre/calzado-hombre/zapatillas-deportivas.html;Clean Lab: 10/10 | Genérico: 4/10 | Adidas: 1/10;2;35;source_exhausted;4;"{""No published price in PEN"": 36, ""Fewer than 3 source photographs"": 2}";0;15;0
Moda Hombre > Calzado hombre > Zapatillas urbanas;https://www.efe.com.pe/moda-hombre/calzado-hombre/zapatillas-urbanas.html;Clean Lab: 10/10 | Genérico: 6/10 | Adidas: 4/10 | Columbia: 1/10 | Puma: 1/10;0;28;source_exhausted;7;"{""No published price in PEN"": 89, ""Fewer than 3 source photographs"": 2}";0;22;0
Moda Hombre > Ropa de hombre > Casacas y poleras;https://www.efe.com.pe/moda-hombre/ropa-de-hombre/casacas-y-poleras.html;Gap: 1/10 | Genéricos: 1/10;3;48;source_exhausted;1;"{""No published price in PEN"": 12, ""Fewer than 3 source photographs"": 2}";0;2;0
Moda Hombre > Ropa de hombre > Chompas y chalecos;https://www.efe.com.pe/moda-hombre/ropa-de-hombre/chompas-y-chalecos.html;Genéricos: 1/10;4;49;source_exhausted;1;"{""No published price in PEN"": 3}";0;1;0
Moda Hombre > Ropa de hombre > Polos y camisas;https://www.efe.com.pe/moda-hombre/ropa-de-hombre/polos-y-camisas.html;Bronco: 8/10 | Genérico: 2/10 | Adidas: 1/10 | Ralph Lauren: 1/10;1;38;source_exhausted;6;"{""No published price in PEN"": 98}";0;12;0
Moda Hombre > Ropa interior y pijamas > Bóxers y calzoncillos;https://www.efe.com.pe/moda-hombre/ropa-interior-y-pijamas/boxers-y-calzoncillos.html;;5;50;source_exhausted;6;"{""No published price in PEN"": 113}";0;0;0
Moda Mujer > Accesorios mujer > Billeteras y monederos;https://www.efe.com.pe/moda-y-belleza/accesorios-de-moda/billeteras.html;Armuz: 10/10 | Juvad: 10/10 | Perry Jhan: 10/10 | Genérico: 3/10 | Humerpaul: 3/10;0;14;source_exhausted;5;"{""Fewer than 3 source photographs"": 27, ""No published price in PEN"": 5}";0;26;0
Moda Mujer > Accesorios mujer > Carteras y mochilas;https://www.efe.com.pe/moda-y-belleza/accesorios-de-moda/carteras-y-mochilas.html;Juvad: 6/10 | Armuz: 3/10 | Elite Bags: 3/10 | Importado: 3/10 | Samsonite: 3/10;0;32;source_exhausted;4;"{""Fewer than 3 source photographs"": 24, ""No published price in PEN"": 2}";0;9;0
Moda Mujer > Accesorios mujer > Gorros y correas;https://www.efe.com.pe/moda-y-belleza/accesorios-de-moda/gorros-y-correas.html;Invicta: 1/10 | Kinetix: 1/10;3;48;source_exhausted;1;"{""Fewer than 3 source photographs"": 1}";0;2;0
Moda Mujer > Accesorios mujer > Joyería de mujer;https://www.efe.com.pe/moda-y-belleza/accesorios-de-moda/joyeria.html;Genieka: 10/10 | Genérico: 10/10 | Importado: 10/10 | Genéricos: 1/10;1;19;source_exhausted;16;"{""Fewer than 3 source photographs"": 235, ""No published price in PEN"": 8}";0;31;0
Moda Mujer > Accesorios mujer > Lentes;https://www.efe.com.pe/moda-y-belleza/accesorios-de-moda/lentes.html;CALVIN KLEIN: 5/10 | Aerostar: 3/10 | Guess: 3/10 | Fila: 1/10 | Genérico: 1/10;0;37;source_exhausted;1;"{""Fewer than 3 source photographs"": 4, ""Fewer than 3 distinct downloadable photographs"": 1}";0;13;0
Moda Mujer > Accesorios mujer > Mochilas y morrales informales;https://www.efe.com.pe/moda-y-belleza/accesorios-de-moda/mochilas-y-morrales-informales.html;Bullcaptian: 10/10 | Himawari: 10/10 | Genérico: 8/10 | Wenger: 7/10 | Scool: 6/10;0;9;source_exhausted;8;"{""Fewer than 3 source photographs"": 32, ""No published price in PEN"": 3}";0;41;0
Moda Mujer > Accesorios mujer > Perfumes;https://www.efe.com.pe/moda-y-belleza/accesorios-de-moda/perfumes.html;El Ganso: 7/10 | Better Natured: 3/10 | Dior: 3/10 | Halloween: 3/10 | GIORGIO ARMANI: 2/10;0;32;source_exhausted;3;"{""Fewer than 3 source photographs"": 8}";0;18;0
Moda Mujer > Accesorios mujer > Relojes;https://www.efe.com.pe/moda-y-belleza/accesorios-de-moda/relojes.html;Casio: 10/10 | Aerostar: 9/10 | Skmei: 9/10 | Victorinox: 6/10 | Fossil: 5/10;0;11;source_exhausted;6;"{""Fewer than 3 source photographs"": 15}";0;35;0
Moda Mujer > Calzado mujer > Botas y botines de mujer;https://www.efe.com.pe/moda-y-belleza/calzado/botas-y-botines.html;;5;50;source_exhausted;8;"{""Fewer than 3 source photographs"": 160}";0;0;0
Moda Mujer > Calzado mujer > Sandalias y pantuflas;https://www.efe.com.pe/moda-y-belleza/calzado/sandalias.html;Michael Kors: 1/10;4;49;source_exhausted;1;"{""No published price in PEN"": 1}";0;1;0
Moda Mujer > Calzado mujer > Zapatillas;https://www.efe.com.pe/moda-y-belleza/calzado/zapatillas.html;Genérico: 1/10;4;49;source_exhausted;8;"{""Fewer than 3 source photographs"": 158, ""No published price in PEN"": 5}";0;1;0
Moda Mujer > Calzado mujer > Zapatillas deportivas;https://www.efe.com.pe/moda-y-belleza/calzado/zapatos-de-vestir.html;;5;50;source_exhausted;1;{};0;0;0
Moda Mujer > Calzado mujer > Zapatillas urbanas;https://www.efe.com.pe/moda-y-belleza/calzado/zapatillas-urbanas.html;Tommy Hilfiger: 1/10;4;49;source_exhausted;4;"{""No published price in PEN"": 68}";0;1;0
Moda Mujer > Calzado mujer > Zapatos de mujer;https://www.efe.com.pe/moda-y-belleza/calzado/zapatos.html;Tommy Hilfiger: 1/10;4;49;source_exhausted;1;{};0;1;0
Moda Mujer > Ropa de mujer > Abrigos y chompas;https://www.efe.com.pe/moda-y-belleza/ropa-de-mujer/abrigos-y-chompas.html;HMF: 1/10;4;49;source_exhausted;1;"{""No published price in PEN"": 4}";0;1;0
Moda Mujer > Ropa de mujer > Blusas;https://www.efe.com.pe/moda-y-belleza/ropa-de-mujer/blusas.html;Genérico: 2/10 | Genéricos: 2/10;3;46;source_exhausted;3;"{""No published price in PEN"": 22, ""Fewer than 3 source photographs"": 2}";0;4;0
Moda Mujer > Ropa de mujer > Casacas y poleras;https://www.efe.com.pe/moda-y-belleza/ropa-de-mujer/casacas-y-poleras.html;Kinetix: 2/10;4;48;source_exhausted;1;"{""No published price in PEN"": 21}";0;2;0
Moda Mujer > Ropa de mujer > Faldas y shorts;https://www.efe.com.pe/moda-y-belleza/ropa-de-mujer/faldas-y-shorts.html;Kinetix: 2/10;4;48;source_exhausted;3;"{""No published price in PEN"": 23, ""Fewer than 3 source photographs"": 1}";0;2;0
Moda Mujer > Ropa de mujer > Jeans y pantalones;https://www.efe.com.pe/moda-y-belleza/ropa-de-mujer/jeans-y-pantalones.html;Genérico: 6/10 | Kiseki Studio: 2/10 | Genéricos: 1/10 | Kinetix: 1/10;1;40;source_exhausted;4;"{""No published price in PEN"": 50, ""Fewer than 3 source photographs"": 8}";0;10;0
Moda Mujer > Ropa de mujer > Polos y tops;https://www.efe.com.pe/moda-y-belleza/ropa-de-mujer/polos-y-tops.html;Genérico: 5/10 | Kinetix: 3/10 | Bronco: 2/10 | Ralph Lauren: 1/10;1;39;source_exhausted;6;"{""No published price in PEN"": 99, ""Fewer than 3 source photographs"": 2}";0;11;0
Moda Mujer > Ropa de mujer > Ropa de baño y bikinis;https://www.efe.com.pe/moda-y-belleza/ropa-de-mujer/ropa-de-bano-y-bikinis.html;Kiseki Studio: 1/10;4;49;source_exhausted;5;"{""No published price in PEN"": 70, ""Fewer than 3 source photographs"": 3}";0;1;0
Moda Mujer > Ropa de mujer > Ropa de maternidad;https://www.efe.com.pe/moda-y-belleza/ropa-de-mujer/ropa-de-maternidad.html;Kiseki Studio: 1/10;4;49;source_exhausted;1;"{""No published price in PEN"": 7}";0;1;0
Moda Mujer > Ropa de mujer > Ropa formal;https://www.efe.com.pe/moda-y-belleza/ropa-de-mujer/ropa-formal.html;Genérico: 2/10 | HMF: 1/10;3;47;source_exhausted;1;"{""No published price in PEN"": 18, ""Fewer than 3 source photographs"": 1}";0;3;0
Moda Mujer > Ropa interior y pijamas > Brasiers y formadores;https://www.efe.com.pe/moda-y-belleza/ropa-interior-y-pijamas/brasiers-y-formadores.html;Genérico: 7/10 | Kinetix: 2/10 | Kiseki Studio: 2/10 | Genieka: 1/10;1;38;source_exhausted;3;"{""No published price in PEN"": 28, ""Fewer than 3 source photographs"": 7}";0;12;0
Moda Mujer > Ropa interior y pijamas > Panties y medias;https://www.efe.com.pe/moda-y-belleza/ropa-interior-y-pijamas/panties-y-medias.html;Caffarena: 6/10 | Importado: 1/10 | Kiseki Studio: 1/10 | Saguaro: 1/10;1;41;source_exhausted;3;"{""No published price in PEN"": 17, ""Fewer than 3 source photographs"": 5, ""Fewer than 3 distinct downloadable photographs"": 1}";0;9;0
Moda Mujer > Ropa interior y pijamas > Pijamas y camisones;https://www.efe.com.pe/moda-y-belleza/ropa-interior-y-pijamas/pijamas-y-camisones.html;Genérico: 1/10;4;49;source_exhausted;1;"{""Fewer than 3 distinct downloadable photographs"": 3, ""No published price in PEN"": 8}";0;1;0
Moda Mujer > Ropa interior y pijamas > Trusas;https://www.efe.com.pe/moda-y-belleza/ropa-interior-y-pijamas/trusas.html;Kiseki Studio: 2/10 | Genérico: 1/10;3;47;source_exhausted;7;"{""No published price in PEN"": 136, ""Fewer than 3 source photographs"": 2}";0;3;0
Moto > Accesorios y Ropa > Accesorios;https://www.efe.com.pe/catalog/category/view/s/accesorios/id/6191/;Hoken: 3/10 | Maxcover: 3/10 | Hermex: 2/10 | Scoyco: 2/10 | Blackhawk: 1/10;0;39;source_exhausted;1;"{""Fewer than 3 distinct downloadable photographs"": 2}";0;0;0
Moto > Marcas > Jettor;https://www.efe.com.pe/motos/marcas/jettor.html;;5;50;source_exhausted;1;{};0;0;0
Moto > Marcas > Ronco;https://www.efe.com.pe/motos/marcas/ronco.html;;5;50;source_exhausted;1;{};0;0;0
Moto > Moto;https://www.efe.com.pe/motos/moto-2-ruedas.html;Zongshen: 4/10 | Bajaj: 3/10 | Ssenda: 1/10;2;42;source_exhausted;1;"{""Fewer than 3 source photographs"": 2}";5;0;0
Moto > Tipo > Semiautomáticas;https://www.efe.com.pe/motos/tipo/semiautomaticas.html;;5;50;source_exhausted;1;{};0;0;0
Muebles > Accesorios para muebles;https://www.efe.com.pe/muebles/accesorios-para-muebles.html;TuHome: 2/10;4;48;source_exhausted;1;{};0;0;0
Muebles > Comedor > Aparadores y Vitrinas;https://www.efe.com.pe/muebles/comedor/aparadores-y-vitrinas.html;ALIMUEBLESJYL: 10/10 | TuHome: 10/10 | Belkin: 1/10 | Oster: 1/10;1;28;source_exhausted;4;{};0;10;0
Muebles > Comedor > Bancos de Bar;https://www.efe.com.pe/muebles/comedor/bancos-de-bar.html;;5;50;source_exhausted;1;{};0;0;0
Muebles > Comedor > Bares;https://www.efe.com.pe/muebles/comedor/bares.html;TuHome: 10/10 | Genérico: 2/10 | Movenda Muebles: 2/10 | 2020 Home Perú: 1/10;1;35;source_exhausted;3;"{""Fewer than 3 source photographs"": 6}";0;2;0
Muebles > Comedor > Juegos de Comedor;https://www.efe.com.pe/muebles/comedor/juegos-de-comedor.html;Movenda Muebles: 10/10 | Pazart Muebles: 5/10 | Genérico: 2/10 | 2020 Home Perú: 1/10 | Mall Hogar: 1/10;0;31;source_exhausted;8;"{""No published price in PEN"": 3, ""Fewer than 3 source photographs"": 122, ""Fewer than 3 distinct downloadable photographs"": 2}";0;13;0
Muebles > Comedor > Mesas de Comedor;https://www.efe.com.pe/muebles/comedor/mesas-de-comedor.html;Pazart Muebles: 5/10 | TuHome: 2/10;3;43;source_exhausted;1;{};0;0;0
Muebles > Comedor > Sillas de Comedor;https://www.efe.com.pe/muebles/comedor/sillas-de-comedor.html;2020 Home Perú: 2/10 | Novahus: 2/10 | Bord: 1/10 | Genérico: 1/10 | Movenda Muebles: 1/10;0;43;source_exhausted;1;"{""Fewer than 3 source photographs"": 2}";0;5;0
Muebles > Dormitorio > C modas y Tocadores;https://www.efe.com.pe/muebles/dormitorio/c-modas-y-tocadores.html;TuHome: 1/10;4;49;source_exhausted;1;{};0;0;0
Muebles > Dormitorio > Cabeceras;https://www.efe.com.pe/muebles/dormitorio/cabeceras.html;Paraíso: 10/10;4;40;source_exhausted;4;"{""Fewer than 3 source photographs"": 2}";0;0;0
Muebles > Dormitorio > Cómodas y Tocadores;https://www.efe.com.pe/muebles/dormitorio/comodas-y-tocadores.html;TuHome: 9/10 | Movenda Muebles: 8/10 | ALIMUEBLESJYL: 4/10 | 2020 Home Perú: 1/10 | Casabella: 1/10;0;27;source_exhausted;3;"{""Fewer than 3 source photographs"": 2}";0;14;0
Muebles > Dormitorio > Organizadores;https://www.efe.com.pe/muebles/dormitorio/organizadores.html;Baraka Home: 10/10 | Genérico: 5/10 | U-Konserve: 2/10 | D'Kaza: 1/10;1;32;source_exhausted;3;"{""Fewer than 3 source photographs"": 4}";0;7;0
Muebles > Dormitorio > Roperos;https://www.efe.com.pe/muebles/dormitorio/roperos.html;TuHome: 10/10 | Pazart Muebles: 5/10 | Mobras / Rodial: 1/10;2;34;source_exhausted;3;{};0;0;0
Muebles > Dormitorio > Veladores;https://www.efe.com.pe/muebles/dormitorio/veladores.html;Forli: 10/10 | TuHome: 10/10 | 2020 Home Perú: 4/10;2;26;source_exhausted;3;{};0;0;0
Muebles > Dormitorio > Zapateras;https://www.efe.com.pe/muebles/dormitorio/zapateras.html;TuHome: 5/10;4;45;source_exhausted;1;{};0;1;0
Muebles > Marcas > Forli;https://www.efe.com.pe/muebles/marcas/forli.html;Forli: 10/10;4;40;source_exhausted;1;{};0;0;0
Muebles > Muebles de TV > Centros de Entretenimiento;https://www.efe.com.pe/muebles/muebles-de-tv/centros-de-entretenimiento.html;Movenda Muebles: 10/10 | Pazart Muebles: 10/10 | TuHome: 10/10 | Casabella: 8/10 | Nacional: 8/10;0;4;source_exhausted;7;{};0;18;0
Muebles > Muebles de TV > Mesas de TV;https://www.efe.com.pe/muebles/muebles-de-tv/mesas-de-tv.html;TuHome: 10/10 | 2020 Home Perú: 4/10 | Pazart Muebles: 4/10 | Delmarco: 2/10 | Casabella: 1/10;0;29;source_exhausted;3;{};0;0;0
Muebles > Muebles de TV > Paneles;https://www.efe.com.pe/muebles/muebles-de-tv/paneles.html;Pazart Muebles: 10/10 | TuHome: 10/10 | 2020 Home Perú: 4/10 | Casabella: 1/10;1;25;source_exhausted;3;"{""Fewer than 3 source photographs"": 1}";0;0;0
Muebles > Muebles de TV > Racks de TV;https://www.efe.com.pe/muebles/muebles-de-tv/racks-de-tv.html;TuHome: 10/10 | D'Kaza: 7/10 | Koreano: 5/10 | Casabella: 4/10 | Batblack: 3/10;0;21;source_exhausted;4;"{""Fewer than 3 source photographs"": 16}";0;3;0
Muebles > Oficina y estudio > Escritorios;https://www.efe.com.pe/muebles/oficina-y-estudio/escritorios.html;ALIMUEBLESJYL: 10/10 | Mall Hogar: 10/10 | Movenda Muebles: 10/10 | TuHome: 10/10 | 2020 Home Perú: 7/10;0;3;source_exhausted;11;"{""Fewer than 3 source photographs"": 5, ""No published price in PEN"": 1}";0;30;0
Muebles > Oficina y estudio > Escritorios Gamers;https://www.efe.com.pe/muebles/oficina-y-estudio/escritorios-gamer.html;TuHome: 5/10 | Dreizt: 3/10 | 2020 Home Perú: 1/10 | Nacional: 1/10;1;40;source_exhausted;1;{};0;1;0
Muebles > Oficina y estudio > Estantes y Libreros;https://www.efe.com.pe/muebles/oficina-y-estudio/estantes-y-libreros.html;TuHome: 10/10 | Movenda Muebles: 8/10 | Novahus: 3/10 | 2020 Home Perú: 2/10 | Casabella: 1/10;0;26;source_exhausted;9;"{""Fewer than 3 source photographs"": 1}";0;11;0
Muebles > Oficina y estudio > Sillas Gamers;https://www.efe.com.pe/muebles/oficina-y-estudio/sillas-gamers.html;Kuzler: 10/10 | Extingtion: 9/10 | Dreizt: 8/10 | Lyzor: 6/10 | Blazze: 4/10;0;13;source_exhausted;4;"{""No published price in PEN"": 2, ""Fewer than 3 source photographs"": 1}";1;7;0
Muebles > Oficina y estudio > Sillas de escritorio;https://www.efe.com.pe/muebles/oficina-y-estudio/sillas-de-escritorio.html;ATP: 10/10 | Buckingham: 10/10 | Dreizt: 10/10 | Genérico: 10/10 | Inius: 10/10;0;0;complete;6;"{""No published price in PEN"": 2, ""Fewer than 3 source photographs"": 32, ""Fewer than 3 distinct downloadable photographs"": 1}";1;29;0
Muebles > Otros espacios > Muebles de Baño;https://www.efe.com.pe/muebles/otros-espacios/muebles-de-ba-o.html;TuHome: 10/10 | 2020 Home Perú: 5/10 | Genérico: 2/10 | Importado: 2/10 | Movenda Muebles: 1/10;0;30;source_exhausted;6;"{""Fewer than 3 source photographs"": 20}";0;5;0
Muebles > Otros espacios > Muebles de Cocina;https://www.efe.com.pe/muebles/otros-espacios/muebles-de-cocina.html;TuHome: 10/10 | 2020 Home Perú: 4/10 | Casabella: 3/10 | Delmarco: 1/10;1;32;source_exhausted;4;"{""Fewer than 3 source photographs"": 1}";0;0;0
Muebles > Sala > Futones y Sofá Cama;https://www.efe.com.pe/muebles/sala/futones-y-sofa-cama.html;Baraka Home: 10/10 | Casabella: 10/10 | Movenda Muebles: 10/10 | Nacional: 10/10 | Todo sobre muebles: 10/10;0;0;complete;26;"{""No published price in PEN"": 33, ""Fewer than 3 distinct downloadable photographs"": 2, ""Fewer than 3 source photographs"": 442}";0;30;0
Muebles > Sala > Juegos de Sala;https://www.efe.com.pe/muebles/sala/juegos-de-sala.html;Casabella: 10/10 | Forli: 10/10 | Nacional: 10/10 | Bestway: 1/10 | Mall Hogar: 1/10;0;18;source_exhausted;22;"{""Fewer than 3 source photographs"": 268, ""No published price in PEN"": 46, ""Fewer than 3 distinct downloadable photographs"": 1}";0;13;0
Muebles > Sala > Mesas de Centro y Complementos;https://www.efe.com.pe/muebles/sala/mesas-de-centro-y-complementos.html;Movenda Muebles: 10/10 | TuHome: 10/10 | Nacional: 8/10 | Casabella: 5/10 | 2020 Home Perú: 2/10;0;15;source_exhausted;5;{};0;18;0
Muebles > Sala > Seccionales;https://www.efe.com.pe/muebles/sala/seccionales.html;Casabella: 10/10 | Nacional: 8/10 | Forli: 4/10 | Novahus: 1/10;1;27;source_exhausted;15;"{""Fewer than 3 source photographs"": 274, ""No published price in PEN"": 30, ""Fewer than 3 distinct downloadable photographs"": 1}";0;9;0
Muebles > Sala > Sillones Reclinables;https://www.efe.com.pe/muebles/sala/sillones-reclinables.html;Casabella: 4/10 | Genérico: 2/10 | Forli: 1/10;2;43;source_exhausted;3;"{""Fewer than 3 source photographs"": 31}";0;1;0
Muebles > Terrazas > Accesorios de Terraza;https://www.efe.com.pe/muebles/terrazas/accesorios-de-terraza.html;Movenda Muebles: 10/10 | Novahus: 10/10 | Genérico: 6/10 | Tashine: 3/10 | Atletis: 1/10;0;20;source_exhausted;6;"{""Fewer than 3 source photographs"": 41}";0;30;0
Muebles > Terrazas > Comedor y sillas;https://www.efe.com.pe/muebles/terrazas/comedor-y-sillas.html;Movenda Muebles: 10/10 | Merci Hogar: 1/10;3;39;source_exhausted;3;{};0;11;0
Multiservicios > Asistencias > Servicios de asistencia para el hogar;https://www.efe.com.pe/multiservicios/asistencias/servicios-de-asistencia-para-el-hogar.html;Servicios: 10/10;4;40;source_exhausted;3;"{""Fewer than 3 source photographs"": 29}";0;10;0
Multiservicios > Asistencias > Servicios de asistencia tecnológicas;https://www.efe.com.pe/multiservicios/asistencias/servicios-de-asistencia-tecnologicas.html;Kaspersky: 2/10;4;48;source_exhausted;3;"{""Fewer than 3 source photographs"": 27, ""No published price in PEN"": 2}";0;2;0
Multiservicios > Asistencias > Servicios para smartphone;https://www.efe.com.pe/multiservicios/asistencias/servicios-para-smartphone.html;;5;50;source_exhausted;1;"{""No published price in PEN"": 1}";0;0;0
Multiservicios > Garantías adicionales > Audio;https://www.efe.com.pe/multiservicios/garantias-adicionales/audio.html;;5;50;source_exhausted;3;"{""Fewer than 3 source photographs"": 28}";0;0;0
Multiservicios > Garantías adicionales > Computo;https://www.efe.com.pe/multiservicios/garantias-adicionales/computo.html;;5;50;source_exhausted;5;"{""Fewer than 3 source photographs"": 78}";0;0;0
Multiservicios > Garantías adicionales > Digital;https://www.efe.com.pe/multiservicios/garantias-adicionales/digital.html;;5;50;source_exhausted;1;"{""Fewer than 3 source photographs"": 13}";0;0;0
Multiservicios > Garantías adicionales > Línea Blanca;https://www.efe.com.pe/multiservicios/garantias-adicionales/linea-blanca.html;;5;50;source_exhausted;6;"{""Fewer than 3 source photographs"": 112}";0;0;0
Multiservicios > Garantías adicionales > Pequeños electrodomésticos;https://www.efe.com.pe/multiservicios/garantias-adicionales/peque-os-electrodomesticos.html;;5;50;source_exhausted;1;"{""Fewer than 3 source photographs"": 21}";0;0;0
Multiservicios > Garantías adicionales > Televisores;https://www.efe.com.pe/multiservicios/garantias-adicionales/televisores.html;;5;50;source_exhausted;3;"{""Fewer than 3 source photographs"": 28}";0;0;0
Multiservicios > Instalaciones > Instalación de línea blanca;https://www.efe.com.pe/multiservicios/instalaciones/instalacion-de-linea-blanca.html;Servicios: 2/10;4;48;source_exhausted;1;"{""Fewer than 3 source photographs"": 2}";0;2;0
Multiservicios > Instalaciones > Instalación de racks;https://www.efe.com.pe/multiservicios/instalaciones/instalacion-de-racks.html;;5;50;source_exhausted;1;"{""Fewer than 3 source photographs"": 4}";0;0;0
Supermercados > Congelados > Carnes y aves congelados;https://www.efe.com.pe/supermercados/congelados/carnes-y-aves-congelados.html;;5;50;source_exhausted;1;{};0;0;0
Supermercados > Congelados > Hamburguesas, nuggets y apanados;https://www.efe.com.pe/supermercados/congelados/hamburguesas-nuggets-y-apanados.html;;5;50;source_exhausted;1;{};0;0;0
Supermercados > Congelados > Helados y postres;https://www.efe.com.pe/supermercados/congelados/helados-y-postres.html;;5;50;source_exhausted;1;{};0;0;0
Supermercados > Congelados > Pescados y mariscos congelados;https://www.efe.com.pe/supermercados/congelados/pescados-y-mariscos-congelados.html;;5;50;source_exhausted;1;{};0;0;0
Supermercados > Cuidado Personal > Aseo Personal;https://www.efe.com.pe/supermercados/cuidado-personal/aseo-personal.html;BIOAQUA: 10/10 | Bamboo Balance: 10/10 | Genérico: 5/10 | Aclara-T: 4/10 | Clean Lab: 3/10;0;18;source_exhausted;18;"{""Fewer than 3 source photographs"": 282, ""Fewer than 3 distinct downloadable photographs"": 18}";0;32;0
Supermercados > Desayuno > Café e infusiones;https://www.efe.com.pe/supermercados/desayuno/cafe-e-infusiones.html;Dinoa: 3/10;4;47;source_exhausted;1;"{""Fewer than 3 source photographs"": 2}";0;3;0
Supermercados > Desayuno > Lácteos y jugos;https://www.efe.com.pe/supermercados/desayuno/lacteos-y-jugos.html;Genérico: 10/10 | SUAREZ VERTIZ PATRICIO: 9/10 | Santa Ema: 9/10 | JOHNNIE WALKER: 6/10 | Chivas Regal: 3/10;0;13;source_exhausted;27;"{""Fewer than 3 source photographs"": 403, ""No published price in PEN"": 1, ""Fewer than 3 distinct downloadable photographs"": 36}";0;37;0
Supermercados > Licores y bebidas > Bares;https://www.efe.com.pe/supermercados/licores-y-bebidas/bares.html;Genérico: 10/10 | FERRAND: 1/10;3;39;source_exhausted;1;"{""Fewer than 3 source photographs"": 7}";0;11;0
Supermercados > Licores y bebidas > Espumantes;https://www.efe.com.pe/supermercados/licores-y-bebidas/espumantes.html;Riccadonna: 2/10;4;48;source_exhausted;1;"{""Fewer than 3 source photographs"": 10}";0;2;0
Supermercados > Licores y bebidas > Otros licores;https://www.efe.com.pe/supermercados/licores-y-bebidas/otros-licores.html;Jagermeister: 1/10;4;49;source_exhausted;5;"{""Fewer than 3 source photographs"": 86}";0;1;0
Supermercados > Licores y bebidas > Packs;https://www.efe.com.pe/supermercados/licores-y-bebidas/packs.html;SUAREZ VERTIZ PATRICIO: 6/10;4;44;source_exhausted;1;"{""Fewer than 3 source photographs"": 3}";0;6;0
Supermercados > Licores y bebidas > Pisco;https://www.efe.com.pe/supermercados/licores-y-bebidas/pisco.html;;5;50;source_exhausted;3;"{""Fewer than 3 source photographs"": 44}";0;0;0
Supermercados > Licores y bebidas > Ron;https://www.efe.com.pe/supermercados/licores-y-bebidas/ron.html;FLOR DE CAÑA: 2/10 | Santa Ema: 2/10 | Zacapa: 2/10 | Barcelo: 1/10;1;43;source_exhausted;7;"{""Fewer than 3 source photographs"": 119}";0;7;0
Supermercados > Licores y bebidas > Vinos;https://www.efe.com.pe/supermercados/licores-y-bebidas/vinos.html;Santa Ema: 9/10 | Genérico: 8/10 | SUAREZ VERTIZ PATRICIO: 3/10 | FERRAND: 1/10 | Lexar: 1/10;0;28;source_exhausted;6;"{""Fewer than 3 source photographs"": 71, ""Fewer than 3 distinct downloadable photographs"": 25}";0;22;0
Supermercados > Licores y bebidas > Vodka, gin y tequila;https://www.efe.com.pe/supermercados/licores-y-bebidas/vodka-gin-y-tequila.html;BEEFEATER: 2/10 | 1800: 1/10 | ABSOLUT: 1/10 | DON JULIO: 1/10 | Hendricks: 1/10;0;44;source_exhausted;5;"{""Fewer than 3 source photographs"": 72, ""Fewer than 3 distinct downloadable photographs"": 2}";0;6;0
Supermercados > Licores y bebidas > Whisky;https://www.efe.com.pe/supermercados/licores-y-bebidas/whisky.html;JOHNNIE WALKER: 6/10 | Chivas Regal: 3/10 | Jack Daniels: 3/10 | Baileys: 1/10;1;37;source_exhausted;5;"{""Fewer than 3 source photographs"": 69, ""Fewer than 3 distinct downloadable photographs"": 10}";0;13;0
Supermercados > Limpieza > Accesorios, tachos, organizadores;https://www.efe.com.pe/supermercados/limpieza/accesorios-tachos-organizadores.html;Facusa: 10/10 | Genérico: 10/10 | Mas Casa Peru: 10/10 | PORTUGAL: 10/10 | Tramontina: 6/10;0;4;source_exhausted;10;"{""No published price in PEN"": 1, ""Fewer than 3 source photographs"": 16, ""Fewer than 3 distinct downloadable photographs"": 1}";0;46;0
Supermercados > Limpieza > Jabones;https://www.efe.com.pe/supermercados/limpieza/jabones.html;;5;50;source_exhausted;1;{};0;0;0
Tecnología > Audio > Accesorios de audio;https://www.efe.com.pe/tecnologia/audio/accesorios-de-audio.html;Baretone: 10/10 | Bose: 10/10 | Genérico: 10/10 | JBL: 10/10 | Netcom: 10/10;0;0;complete;8;"{""Fewer than 3 source photographs"": 35, ""Fewer than 3 distinct downloadable photographs"": 1}";1;13;0
Tecnología > Audio > Audio profesional;https://www.efe.com.pe/tecnologia/audio/audio-profesional.html;Sonos: 5/10 | Sony: 4/10 | JBL: 2/10 | Bose: 1/10 | DJI: 1/10;0;37;source_exhausted;1;"{""Fewer than 3 source photographs"": 2}";0;5;0
Tecnología > Audio > Autoradios;https://www.efe.com.pe/tecnologia/audio/autoradios.html;Aiwa: 10/10 | Genérico: 5/10 | Bowmann: 4/10 | Brax&Stern: 3/10 | Pioneer: 3/10;0;25;source_exhausted;4;"{""Fewer than 3 source photographs"": 14}";0;7;0
Tecnología > Audio > Equipos de sonido;https://www.efe.com.pe/tecnologia/audio/equipos-de-sonido.html;Bose: 10/10 | Halion: 10/10 | JBL: 10/10 | LG: 10/10 | Sony: 10/10;0;0;complete;10;"{""Fewer than 3 source photographs"": 10, ""No published price in PEN"": 1, ""Fewer than 3 distinct downloadable photographs"": 1}";3;13;0
Tecnología > Audio > Instrumentos musicales;https://www.efe.com.pe/tecnologia/audio/instrumentos-musicales.html;Genérico: 1/10 | Sanci: 1/10;3;48;source_exhausted;1;"{""Fewer than 3 source photographs"": 15}";0;2;0
Tecnología > Audio > Mezcladora DJ;https://www.efe.com.pe/tecnologia/audio/mezcladora-dj.html;Baretone: 2/10 | Importado: 1/10 | Maono: 1/10 | Pioneer: 1/10;1;45;source_exhausted;1;"{""Fewer than 3 source photographs"": 1}";0;2;0
Tecnología > Audio > Parlantes bluetooth;https://www.efe.com.pe/tecnologia/audio/parlantes-bluetooth.html;Bose: 10/10 | JBL: 10/10 | LG: 10/10 | Marshall: 10/10 | Sony: 10/10;0;0;complete;13;"{""Fewer than 3 source photographs"": 18, ""No published price in PEN"": 1}";1;14;0
Tecnología > Audio > Soundbars y home theaters;https://www.efe.com.pe/tecnologia/audio/soundbars-y-home-theaters.html;LG: 10/10 | Samsung: 10/10 | JBL: 7/10 | Halion: 5/10 | Miray: 5/10;0;13;source_exhausted;5;"{""Fewer than 3 source photographs"": 4}";3;13;0
Tecnología > Audífonos > In ear;https://www.efe.com.pe/tecnologia/audifonos/in-ear.html;Genérico: 10/10 | JBL: 10/10 | Lenovo: 10/10 | Xiaomi: 10/10 | 5932: 9/10;0;1;source_exhausted;10;"{""Fewer than 3 source photographs"": 35}";9;14;0
Tecnología > Audífonos > On ear;https://www.efe.com.pe/tecnologia/audifonos/on-ear.html;JBL: 10/10 | Logitech: 6/10 | Skullcandy: 6/10 | Sony: 6/10 | Genérico: 4/10;0;18;source_exhausted;5;"{""Fewer than 3 source photographs"": 15}";0;4;0
Tecnología > Audífonos > Over ear;https://www.efe.com.pe/tecnologia/audifonos/over-ear.html;JBL: 10/10 | Logitech: 10/10 | Logitech G: 10/10 | Skullcandy: 10/10 | 5932: 8/10;0;2;source_exhausted;8;"{""Fewer than 3 source photographs"": 9}";10;12;0
Tecnología > Audífonos > True Wireless;https://www.efe.com.pe/tecnologia/audifonos/true-wireless.html;JBL: 10/10 | Skullcandy: 10/10 | Sudio: 10/10 | Xiaomi: 10/10 | Lenovo: 8/10;0;2;source_exhausted;8;"{""Fewer than 3 source photographs"": 18, ""No published price in PEN"": 1}";2;11;0
Tecnología > Celulares > Accesorios de celulares;https://www.efe.com.pe/tecnologia/celulares/accesorios-de-celulares.html;Audiotrom: 10/10 | Bose: 10/10 | Cabletime: 10/10 | JBL: 10/10 | Ugreen: 10/10;0;0;complete;4;{};0;0;0
Tecnología > Celulares > Audífonos;https://www.efe.com.pe/tecnologia/celulares/audifonos.html;Bose: 10/10 | JBL: 10/10 | Logitech: 10/10 | Logitech G: 10/10 | Skullcandy: 10/10;0;0;complete;7;"{""Fewer than 3 source photographs"": 6}";2;0;0
Tecnología > Celulares > Baterías externas;https://www.efe.com.pe/tecnologia/celulares/baterias-externas.html;Kuzler: 10/10 | Remax: 10/10 | Tashine: 10/10 | Ugreen: 10/10 | Xiaomi: 10/10;0;0;complete;6;"{""Fewer than 3 source photographs"": 8, ""Fewer than 3 distinct downloadable photographs"": 3, ""No published price in PEN"": 9}";1;33;0
Tecnología > Celulares > Carcasas y láminas;https://www.efe.com.pe/tecnologia/celulares/carcasas-y-laminas.html;Nillkin: 10/10 | OEM: 10/10 | Otterbox: 10/10 | Space: 10/10 | Usams: 10/10;0;0;complete;38;"{""Fewer than 3 source photographs"": 618, ""Fewer than 3 distinct downloadable photographs"": 15, ""No published price in PEN"": 13}";0;10;0
Tecnología > Celulares > Cargadores y cables;https://www.efe.com.pe/tecnologia/celulares/cargadores-y-cables.html;Genérico: 10/10 | Ldnio: 10/10 | Netcom: 10/10 | Ugreen: 10/10 | Xiaomi: 10/10;0;0;complete;11;"{""Fewer than 3 source photographs"": 3}";2;0;0
Tecnología > Celulares > Celulares y Smartphones;https://www.efe.com.pe/tecnologia/celulares/celulares-y-smartphones.html;Apple: 10/10 | Honor: 10/10 | Motorola: 10/10 | Samsung: 10/10 | Xiaomi: 10/10;0;0;complete;4;"{""No published price in PEN"": 2}";1;9;0
Tecnología > Celulares > Parlantes;https://www.efe.com.pe/tecnologia/celulares/parlantes.html;JBL: 10/10 | LG: 9/10 | Energizer: 4/10 | Bose: 1/10 | Xiaomi: 1/10;0;25;source_exhausted;3;{};0;0;0
Tecnología > Celulares > Smartwatch;https://www.efe.com.pe/tecnologia/celulares/smartwatch.html;ArgomTech: 10/10 | Genérico: 10/10 | Huawei: 10/10 | OEM: 10/10 | Xiaomi: 10/10;0;0;complete;13;"{""Fewer than 3 source photographs"": 7, ""No published price in PEN"": 1, ""Brand not published"": 5, ""Fewer than 3 distinct downloadable photographs"": 7}";0;20;0
Tecnología > Computación > Accesorios de computación;https://www.efe.com.pe/tecnologia/computacion/accesorios-de-computacion.html;Audiotrom: 10/10 | Cabletime: 10/10 | Genérico: 10/10 | Logitech: 10/10 | Ugreen: 10/10;0;0;complete;6;{};3;1;0
Tecnología > Computación > All in one;https://www.efe.com.pe/tecnologia/computacion/all-in-one.html;Lenovo: 4/10 | HP: 3/10 | Genérico: 2/10 | Asus: 1/10;1;40;source_exhausted;1;"{""Brand not published"": 1, ""Fewer than 3 source photographs"": 2}";0;2;0
Tecnología > Computación > Computadoras de escritorio;https://www.efe.com.pe/tecnologia/computacion/computadoras-de-escritorio.html;AMD: 10/10 | Genérico: 10/10 | Intel: 10/10 | Asus: 4/10 | Lenovo: 4/10;0;12;source_exhausted;7;"{""Brand not published"": 1, ""Fewer than 3 source photographs"": 49}";0;35;0
Tecnología > Computación > Impresoras y multifuncionales;https://www.efe.com.pe/tecnologia/computacion/impresoras-y-multifuncionales.html;Brother: 10/10 | Epson: 10/10 | HP: 10/10 | Jpsystems: 8/10 | Canon: 7/10;0;5;source_exhausted;15;"{""Fewer than 3 source photographs"": 13}";1;20;0
Tecnología > Computación > Laptops;https://www.efe.com.pe/tecnologia/computacion/laptops.html;Apple: 10/10 | Asus: 10/10 | Dell: 10/10 | HP: 10/10 | Lenovo: 10/10;0;0;complete;9;"{""Fewer than 3 source photographs"": 1, ""Brand not published"": 1, ""Fewer than 3 distinct downloadable photographs"": 3}";2;20;0
Tecnología > Computación > Monitores y Proyectores;https://www.efe.com.pe/tecnologia/computacion/monitores-y-proyectores.html;Genérico: 10/10 | Lenovo: 10/10 | OEM: 10/10 | Teros: 10/10 | Xiaomi: 10/10;0;0;complete;10;"{""Brand not published"": 1, ""Fewer than 3 source photographs"": 31, ""Fewer than 3 distinct downloadable photographs"": 2}";0;43;0
Tecnología > Computación > Proyectores;https://www.efe.com.pe/tecnologia/computacion/proyectores.html;Epson: 3/10;4;47;source_exhausted;1;{};0;1;0
Tecnología > Computación > Software;https://www.efe.com.pe/tecnologia/computacion/software.html;Kaspersky: 10/10 | Servicios: 5/10 | Ugreen: 4/10 | McAfee: 3/10;1;28;source_exhausted;4;"{""Fewer than 3 source photographs"": 2}";0;19;0
Tecnología > Computación > Tablets y Tabletas gráficas;https://www.efe.com.pe/tecnologia/computacion/tablets-y-tabletas-graficas.html;Apple: 10/10 | Blackview: 10/10 | Lenovo: 10/10 | Samsung: 10/10 | Xiaomi: 10/10;0;0;complete;4;"{""Fewer than 3 source photographs"": 1}";0;16;0
Tecnología > Computación > Tintas y Toners;https://www.efe.com.pe/tecnologia/computacion/tintas-y-toners.html;Brother: 10/10 | Epson: 10/10 | HP: 10/10;2;20;source_exhausted;8;"{""Fewer than 3 source photographs"": 72, ""Fewer than 3 distinct downloadable photographs"": 17}";0;28;0
Tecnología > Fotografía y video > Cámaras compactas;https://www.efe.com.pe/tecnologia/fotografia-y-video/camaras-compactas.html;Fujifilm: 10/10 | Genérico: 7/10 | ArgomTech: 4/10 | OEM: 3/10 | GoPro: 2/10;0;24;source_exhausted;7;"{""Fewer than 3 source photographs"": 24}";0;13;0
Tecnología > Fotografía y video > Cámaras de acción;https://www.efe.com.pe/tecnologia/fotografia-y-video/camaras-de-accion.html;DJI: 7/10 | GoPro: 3/10 | OEM: 3/10;2;37;source_exhausted;1;"{""Fewer than 3 source photographs"": 3}";0;1;0
Tecnología > Fotografía y video > Cámaras de video;https://www.efe.com.pe/tecnologia/fotografia-y-video/camaras-de-video.html;DJI: 10/10 | Insta 360: 10/10 | Akaso: 2/10 | Genérico: 2/10 | Blink: 1/10;0;25;source_exhausted;3;"{""Fewer than 3 source photographs"": 2}";0;25;0
Tecnología > Fotografía y video > Cámaras instantáneas y retro;https://www.efe.com.pe/tecnologia/fotografia-y-video/camaras-instantaneas-y-retro.html;Fujifilm: 1/10;4;49;source_exhausted;1;{};0;0;0
Tecnología > Fotografía y video > Cámaras semis y profesionales;https://www.efe.com.pe/tecnologia/fotografia-y-video/camaras-semis-y-profesionales.html;Canon: 10/10 | Sony: 10/10 | DJI: 3/10 | Godox: 3/10 | Genérico: 2/10;0;22;source_exhausted;4;"{""Fewer than 3 source photographs"": 3}";0;28;0
Tecnología > Fotografía y video > Drones;https://www.efe.com.pe/tecnologia/fotografia-y-video/drones.html;DJI: 10/10 | Genérico: 4/10 | Insta 360: 2/10;2;34;source_exhausted;3;"{""Fewer than 3 source photographs"": 5}";0;9;0
Tecnología > Fotografía y video > Lentes y accesorios;https://www.efe.com.pe/tecnologia/fotografia-y-video/lentes-y-accesorios.html;Fujifilm: 10/10 | Genérico: 10/10 | Godox: 10/10 | K&F CONCEPT: 10/10 | Ulanzi: 10/10;0;0;complete;9;"{""Fewer than 3 source photographs"": 36}";0;43;0
Tecnología > Fotografía y video > Tarjetas de memoria;https://www.efe.com.pe/tecnologia/fotografia-y-video/tarjetas-de-memoria.html;Lexar: 4/10 | Sandisk: 3/10 | Usams: 3/10 | Genérico: 2/10 | Kingston: 2/10;0;36;source_exhausted;3;"{""Fewer than 3 source photographs"": 11}";1;12;0
Tecnología > Gaming > Arma tu PC;https://www.efe.com.pe/tecnologia/gaming/arma-tu-pc.html;AMD: 10/10 | Intel: 10/10 | Genérico: 2/10 | Genius: 1/10 | Havit: 1/10;0;26;source_exhausted;4;"{""Fewer than 3 source photographs"": 12}";0;22;0
Tecnología > Gaming > Audífonos gamer;https://www.efe.com.pe/tecnologia/gaming/audifonos-gamer.html;Logitech: 10/10 | Logitech G: 10/10 | Razer: 10/10 | Trust: 7/10 | Antryx: 4/10;0;9;source_exhausted;7;"{""Fewer than 3 source photographs"": 19, ""Fewer than 3 distinct downloadable photographs"": 1}";0;5;0
Tecnología > Gaming > Coolers;https://www.efe.com.pe/tecnologia/gaming/coolers.html;Nuoxi: 3/10 | Havit: 2/10 | ArgomTech: 1/10 | Coolerlaptop: 1/10 | Genérico: 1/10;0;42;source_exhausted;1;"{""Fewer than 3 source photographs"": 3}";0;1;0
Tecnología > Gaming > Laptops Gamer;https://www.efe.com.pe/tecnologia/gaming/laptops-gamer.html;Asus: 10/10 | Lenovo: 10/10 | HP: 6/10 | JSAUX: 2/10;1;22;source_exhausted;3;{};1;9;0
Tecnología > Gaming > Monitores gamer;https://www.efe.com.pe/tecnologia/gaming/monitores-gamer.html;Teros: 4/10 | Bowmann: 2/10 | Xiaomi: 2/10 | MSI: 1/10;1;41;source_exhausted;1;"{""Fewer than 3 source photographs"": 9}";0;2;0
Tecnología > Gaming > Mouse y Mousepad gamer;https://www.efe.com.pe/tecnologia/gaming/mouse-y-mousepad-gamer.html;Genérico: 10/10 | Logitech: 10/10 | Logitech G: 10/10 | Razer: 10/10 | Redragon: 10/10;0;0;complete;14;"{""Fewer than 3 source photographs"": 54, ""Brand not published"": 1, ""Fewer than 3 distinct downloadable photographs"": 1}";0;15;0
Tecnología > Gaming > Otros accesorios gamer;https://www.efe.com.pe/tecnologia/gaming/otros-accesorios-gamer.html;Genérico: 10/10 | JSAUX: 10/10 | Logitech: 10/10 | Netcom: 10/10 | Usams: 10/10;0;0;complete;21;"{""Fewer than 3 source photographs"": 46, ""Fewer than 3 distinct downloadable photographs"": 2}";0;12;0
Tecnología > Gaming > Sillas gamer;https://www.efe.com.pe/tecnologia/gaming/sillas-gamer.html;ATP: 10/10 | Dreizt: 10/10 | Genérico: 10/10 | Kuzler: 10/10 | Extingtion: 9/10;0;1;source_exhausted;7;"{""No published price in PEN"": 2, ""Fewer than 3 source photographs"": 1}";0;24;0
Tecnología > Gaming > Teclados gamer;https://www.efe.com.pe/tecnologia/gaming/teclados-gamer.html;Aula: 10/10 | Logitech: 10/10 | Logitech G: 10/10 | Redragon: 10/10 | Royal Kludge: 10/10;0;0;complete;8;"{""Fewer than 3 source photographs"": 62}";0;6;0
Tecnología > Marcas > Acer;https://www.efe.com.pe/catalog/category/view/s/acer/id/4486/;Acer: 1/10 | Aghaso: 1/10 | Honor: 1/10 | Motorola: 1/10 | Oppo: 1/10;0;45;source_exhausted;1;"{""Fewer than 3 source photographs"": 1}";1;2;0
Tecnología > Marcas > Apple;https://www.efe.com.pe/tecnologia/marcas/apple.html;Apple: 10/10 | Ugreen: 4/10 | COMITOK: 2/10 | Genérico: 2/10 | ESR: 1/10;0;31;source_exhausted;11;"{""Brand not published"": 1, ""No published price in PEN"": 18}";1;13;0
Tecnología > Marcas > Asus;https://www.efe.com.pe/tecnologia/marcas/asus.html;Asus: 10/10;4;40;source_exhausted;1;{};0;1;0
Tecnología > Marcas > Google;https://www.efe.com.pe/tecnologia/marcas/google.html;Raycon: 2/10 | Google: 1/10;3;47;source_exhausted;1;{};0;0;0
Tecnología > Marcas > HP;https://www.efe.com.pe/tecnologia/marcas/hp.html;HP: 10/10;4;40;source_exhausted;3;{};2;0;0
Tecnología > Marcas > JBL;https://www.efe.com.pe/tecnologia/marcas/jbl.html;JBL: 10/10;4;40;source_exhausted;13;"{""Fewer than 3 source photographs"": 2}";2;1;0
Tecnología > Marcas > LG;https://www.efe.com.pe/tecnologia/marcas/lg.html;LG: 10/10;4;40;source_exhausted;6;{};1;0;0
Tecnología > Marcas > Lenovo;https://www.efe.com.pe/tecnologia/marcas/lenovo.html;Lenovo: 10/10;4;40;source_exhausted;4;{};0;0;0
Tecnología > Marcas > Samsung;https://www.efe.com.pe/catalog/category/view/s/samsung/id/1374/;Samsung: 10/10 | Ugreen: 3/10 | Honor: 1/10;2;36;source_exhausted;13;"{""Fewer than 3 source photographs"": 3}";0;5;0
Tecnología > Marcas > Skullcandy;https://www.efe.com.pe/tecnologia/marcas/skullcandy.html;Skullcandy: 10/10 | Nooz: 1/10;3;39;source_exhausted;3;{};0;0;0
Tecnología > Marcas > Xiaomi;https://www.efe.com.pe/tecnologia/marcas/xiaomi.html;Xiaomi: 10/10 | Ugreen: 3/10 | Redmi: 2/10 | 5932: 1/10 | Bose: 1/10;0;33;source_exhausted;10;"{""Fewer than 3 source photographs"": 1}";0;5;0
Tecnología > Smart home y domótica > Asistente de voz;https://www.efe.com.pe/tecnologia/smart-home-y-domotica/asistente-de-voz.html;Amazon: 10/10 | BOOMER: 1/10 | Genérico: 1/10 | Google: 1/10 | Kuzler: 1/10;0;36;source_exhausted;3;"{""Fewer than 3 source photographs"": 2, ""No published price in PEN"": 1}";0;3;0
Tecnología > Smart home y domótica > Aspiradora ;https://www.efe.com.pe/tecnologia/smart-home-y-domotica/aspiradora.html;Karcher: 1/10 | Xiaomi: 1/10;3;48;source_exhausted;1;{};0;0;0
Tecnología > Smart home y domótica > Aspiradora robot;https://www.efe.com.pe/tecnologia/smart-home-y-domotica/aspiradora-robot.html;Electrolux: 3/10 | Tesvor: 2/10;3;45;source_exhausted;1;{};0;0;0
Tecnología > Smart home y domótica > Cámaras de seguridad;https://www.efe.com.pe/tecnologia/smart-home-y-domotica/camaras-de-seguridad.html;Ezviz: 10/10 | Hikvision: 10/10 | Hilook: 10/10 | Imou: 10/10 | TP-Link: 10/10;0;0;complete;44;"{""Fewer than 3 source photographs"": 500, ""Fewer than 3 distinct downloadable photographs"": 4}";0;48;0
Tecnología > Smart home y domótica > Iluminación inteligente;https://www.efe.com.pe/tecnologia/smart-home-y-domotica/iluminacion-inteligente.html;Opalux: 8/10 | Genérico: 7/10 | Govee: 7/10 | TP-Link: 5/10 | Cafini: 2/10;0;21;source_exhausted;4;"{""Fewer than 3 source photographs"": 17}";0;24;0
Tecnología > Smart home y domótica > Interruptor y enchufes inteligentes;https://www.efe.com.pe/tecnologia/smart-home-y-domotica/interruptor-y-enchufes-inteligentes.html;Opalux: 5/10 | Genérico: 4/10 | TP-Link: 3/10 | Tuya: 3/10 | Importado: 2/10;0;33;source_exhausted;3;"{""Fewer than 3 source photographs"": 11}";0;7;0
Tecnología > Smart home y domótica > Nuevos dispositivos inteligentes;https://www.efe.com.pe/tecnologia/smart-home-y-domotica/nuevos-dispositivos-inteligentes.html;Tuya: 3/10 | Facebook: 2/10 | Genérico: 2/10 | MN Electronics: 2/10 | Opalux: 1/10;0;40;source_exhausted;1;"{""Fewer than 3 source photographs"": 9}";0;2;0
Tecnología > Smart home y domótica > Routers y conexión inalámbrica;https://www.efe.com.pe/tecnologia/smart-home-y-domotica/routers-y-conexion-inalambrica.html;TP-Link: 10/10 | Xiaomi: 7/10 | Starlink: 6/10 | Genérico: 4/10 | Importado: 2/10;0;21;source_exhausted;6;"{""Fewer than 3 source photographs"": 49}";1;24;0
Tecnología > Smart home y domótica > Streaming;https://www.efe.com.pe/tecnologia/smart-home-y-domotica/streaming.html;Logitech: 8/10 | Redragon: 2/10 | Xiaomi: 2/10 | Amazon: 1/10 | Streamplify: 1/10;0;36;source_exhausted;1;"{""Fewer than 3 source photographs"": 3}";0;0;0
Tecnología > Televisores > Accesorios de TV;https://www.efe.com.pe/tecnologia/televisores/accesorios-de-tv.html;Genérico: 10/10 | LG: 10/10 | Netcom: 10/10 | TuHome: 10/10 | Ugreen: 10/10;0;0;complete;11;"{""Fewer than 3 source photographs"": 24, ""Fewer than 3 distinct downloadable photographs"": 2}";1;8;0
Tecnología > Televisores > Convertidor a Smart TV;https://www.efe.com.pe/tecnologia/televisores/convertidor-a-smart-tv.html;Xiaomi: 3/10;4;47;source_exhausted;1;"{""Fewer than 3 source photographs"": 1}";1;0;0
Tecnología > Televisores > LED;https://www.efe.com.pe/tecnologia/televisores/led.html;LG: 10/10 | Samsung: 10/10 | TCL: 9/10 | Xiaomi: 6/10 | JVC: 4/10;0;11;source_exhausted;4;{};0;2;0
Tecnología > Televisores > MINILED;https://www.efe.com.pe/tecnologia/televisores/mini-led.html;LG: 10/10 | Samsung: 10/10 | TCL: 10/10 | Xiaomi: 3/10 | Hisense: 2/10;0;15;source_exhausted;4;"{""Brand not published"": 1, ""Fewer than 3 source photographs"": 1}";0;1;0
Tecnología > Televisores > OLED;https://www.efe.com.pe/tecnologia/televisores/oled.html;LG: 10/10 | Samsung: 10/10 | TCL: 2/10 | Tesla: 2/10 | Genérico: 1/10;0;25;source_exhausted;4;"{""Fewer than 3 source photographs"": 3}";0;9;0
Tecnología > Televisores > QD MINILED;https://www.efe.com.pe/tecnologia/televisores/qd-miniled.html;LG: 10/10 | TCL: 2/10;3;38;source_exhausted;1;{};0;0;0
Tecnología > Televisores > QLED;https://www.efe.com.pe/tecnologia/televisores/qled.html;Hisense: 10/10 | Hyundai: 10/10 | LG: 10/10 | Samsung: 10/10 | TCL: 10/10;0;0;complete;7;"{""Fewer than 3 source photographs"": 1}";0;3;0
Tecnología > Televisores > Racks;https://www.efe.com.pe/tecnologia/televisores/racks.html;TuHome: 10/10 | D'Kaza: 9/10 | Genérico: 6/10 | Soportex: 6/10 | Koreano: 5/10;0;14;source_exhausted;5;"{""Fewer than 3 source photographs"": 20}";0;13;0
Tecnología > Televisores > Smart TV;https://www.efe.com.pe/tecnologia/televisores/smart-tv.html;Hyundai: 10/10 | LG: 10/10 | Samsung: 10/10 | TCL: 10/10 | Xiaomi: 10/10;0;0;complete;10;"{""Brand not published"": 1, ""Fewer than 3 source photographs"": 1}";0;4;0
Tecnología > Televisores > Soundbars y Home Theaters;https://www.efe.com.pe/tecnologia/televisores/soundbars-y-home-theaters.html;LG: 10/10 | Samsung: 10/10 | JBL: 6/10 | Halion: 3/10 | Klip Xtreme: 2/10;0;19;source_exhausted;3;"{""No published price in PEN"": 1, ""Fewer than 3 source photographs"": 3}";4;5;0
Tecnología > Videojuegos > Accesorios de videojuegos;https://www.efe.com.pe/tecnologia/videojuegos/accesorios-de-videojuegos.html;BOOMER: 10/10 | Dobe: 10/10 | Genérico: 10/10 | JSAUX: 10/10 | Rds Industries: 10/10;0;0;complete;12;"{""Fewer than 3 source photographs"": 109}";0;28;0
Tecnología > Videojuegos > Consolas;https://www.efe.com.pe/tecnologia/videojuegos/consolas.html;Nintendo: 10/10 | BOOMER: 5/10 | JSAUX: 4/10 | Sony: 4/10 | ANBERNIC: 2/10;0;25;source_exhausted;13;"{""Fewer than 3 source photographs"": 140, ""Fewer than 3 distinct downloadable photographs"": 1}";0;11;0
Tecnología > Videojuegos > Juegos;https://www.efe.com.pe/tecnologia/videojuegos/juegos.html;Nintendo: 10/10 | Sony: 10/10 | Playstation: 8/10 | Capcom: 6/10 | Activision: 4/10;0;12;source_exhausted;28;"{""Fewer than 3 source photographs"": 285}";8;6;0
Tecnología > Videojuegos > Mandos;https://www.efe.com.pe/tecnologia/videojuegos/mandos.html;Gamesir: 10/10 | Nintendo: 10/10 | Sony: 10/10 | Logitech: 9/10 | Microsoft: 5/10;0;6;source_exhausted;8;"{""Fewer than 3 source photographs"": 53}";5;4;0
Tecnología > Videojuegos > Nintendo;https://www.efe.com.pe/tecnologia/videojuegos/nintendo.html;BOOMER: 10/10 | JSAUX: 10/10 | Nintendo: 10/10 | EA: 7/10 | Nintendo Switch: 6/10;0;7;source_exhausted;18;"{""Fewer than 3 source photographs"": 30}";0;26;0
Tecnología > Videojuegos > PlayStation;https://www.efe.com.pe/tecnologia/videojuegos/play-station.html;Sony: 10/10 | Playstation: 2/10 | Koei Tecmo: 1/10 | OEM: 1/10;1;36;source_exhausted;8;"{""Fewer than 3 source photographs"": 5}";2;2;0
